Address,Score,Strict Best Match TX With,Strict TX Match,NB TX,Sybil,Chain From First,Chain To First,Date First,Protocol First,Chain From Last,Chain To Last,Date Last,Protocol Last
0x98561338da0d25826aa976e5c7c2c5455d9f184a,100,0xde6c755fb3a62ad19ec15f38d76490a5cd473385,27,83,false,Arbitrum,,2023-05-13 08:39:56.000,Aptos Bridge,BNB Chain,Harmony,2024-03-02 05:14:29.000,Harmony Bridge
0x01b8982cd001fa208213da263db6842d6dc7fdb0,50.00,0x9106cde2a6d640fd64c037d06fd6e9b76c0bcafa,29,69,false,Arbitrum,,2023-05-13 08:39:01.000,Aptos Bridge,BNB Chain,Harmony,2024-03-03 06:39:25.000,Harmony Bridge
0x028c0aa7c77b0238fe985de24f351ba48bc27722,24.88,0x495643067d23494ad84410769b7490623238fea3,26,91,false,Arbitrum,,2023-05-13 09:09:43.000,Aptos Bridge,BNB Chain,Harmony,2024-03-03 07:36:02.000,Harmony Bridge
0x02d941f4f74e850823706566c5335863d70dd079,23.43,0xe5045e11aa0f864098777f7ec3fd557c2da3ff91,18,116,false,Arbitrum,,2023-05-13 08:13:27.000,Aptos Bridge,BNB Chain,Harmony,2024-03-03 09:55:53.000,Harmony Bridge
0x0604e29604008679d9dcacd2757a3e32515611dd,18.64,0x0cab16d492758c9e6bb8cdd700afd7d2fdf8c172,33,88,false,Arbitrum,,2023-05-13 09:14:14.000,Aptos Bridge,BNB Chain,Harmony,2024-03-03 09:48:44.000,Harmony Bridge
0x068083ab11ee7af53e16b40b87ccdd65c45e597d,32.26,0x41f281ed9892a04dd0b209c9a289e177199fb8c7,32,89,false,Arbitrum,,2023-05-13 09:23:43.000,Aptos Bridge,BNB Chain,Harmony,2024-03-03 10:28:06.000,Harmony Bridge
0x07e65b04afb908becb6a2937b7d2d7a99312b399,14.04,0x4b6670c4a11842f06b377861c7375d9e21544cb2,17,84,false,Arbitrum,,2023-05-13 09:06:28.000,Aptos Bridge,BNB Chain,Harmony,2024-03-02 18:21:31.000,Harmony Bridge
0x0b778606749d64b02555db28c3945967ee98467f,26.45,0xe9b788bebc2f1cf68fd247a0998146ab216bfa1d,26,83,false,Arbitrum,,2023-05-13 09:29:47.000,Aptos Bridge,BNB Chain,Harmony,2024-03-03 14:06:51.000,Harmony Bridge
0x0c5c1f2c471bd4f959352d1e9e92fc0f55618175,45.63,0xffa5b5bc74115fda12315cf6e5e21ef58d94e88b,21,81,false,Arbitrum,,2023-05-13 08:23:54.000,Aptos Bridge,BNB Chain,Harmony,2024-03-03 12:03:59.000,Harmony Bridge
0x0cab16d492758c9e6bb8cdd700afd7d2fdf8c172,17.02,0x0604e29604008679d9dcacd2757a3e32515611dd,33,100,false,Arbitrum,,2023-05-13 09:10:24.000,Aptos Bridge,BNB Chain,Harmony,2024-03-03 08:41:44.000,Harmony Bridge
0x0d6c5f3a1ed8766457301eb74cdf3831b361eb64,18.67,0xf304d10c67bc8ce8e3df555cb3625c9b09ee90cb,31,95,false,Arbitrum,,2023-05-13 09:30:20.000,Aptos Bridge,BNB Chain,Harmony,2024-03-03 09:24:24.000,Harmony Bridge
0x0dcf737035d700c5285acd3a70fe6ccf9585cb23,18.64,0x4a3011e82fa10b03efedd88532236bc8da017219,31,91,false,Arbitrum,,2023-05-13 09:13:21.000,Aptos Bridge,BNB Chain,Harmony,2024-03-02 20:51:08.000,Harmony Bridge
0x0e2003448c66866be1292fad706924bb2f36c4b3,13.98,0xed25c99a04a5e1e398003709476481f5b9d60e1c,13,53,false,Arbitrum,,2023-05-13 08:26:14.000,Aptos Bridge,BNB Chain,Harmony,2024-03-03 14:09:18.000,Harmony Bridge
0x0ea577ef973a99f033819439581844315028be54,18.92,0x57ea1ec73cd71539feecb70e84a9b7129dc64269,29,132,false,Arbitrum,,2023-05-13 08:31:35.000,Aptos Bridge,BNB Chain,Harmony,2024-03-03 12:59:20.000,Harmony Bridge
0x0f82e2538d4b7ca894a69343dbb65bf96d1d4284,18.77,0x0b778606749d64b02555db28c3945967ee98467f,16,80,false,Arbitrum,,2023-05-13 09:25:40.000,Aptos Bridge,BNB Chain,Harmony,2024-03-03 15:08:59.000,Harmony Bridge
0x0fb58692bceff407e9cfa9b7bfddeb219349837a,51.57,0x8e418e9d8295ec7aa9fe271b777672b89319f966,29,91,false,Arbitrum,,2023-05-13 08:33:52.000,Aptos Bridge,BNB Chain,Harmony,2024-03-02 07:19:04.000,Harmony Bridge
0x0fc2a45ec9d75796e14c6f68f5f6f64e26f3c5c5,42.20,0x623e2b539379b0a80795fbdc91d59cadce31db8c,39,154,false,Arbitrum,,2023-05-13 08:33:28.000,Aptos Bridge,BNB Chain,Harmony,2024-03-03 08:57:09.000,Harmony Bridge
0x114e97afb37252e3276a8fad317fc82433a3771a,51.23,0xfd087557a08387320bfa0882f501c69ca06f0c88,57,136,false,Arbitrum,,2023-05-13 07:52:22.000,Aptos Bridge,BNB Chain,Harmony,2024-03-03 11:21:24.000,Harmony Bridge
0x11764f086fbe97f76b4201b32aba6dab4897df16,52.38,0xbff3ec5a3b25cc1553e88a2ea54a57e5dea9d54f,30,80,false,Arbitrum,,2023-05-13 08:02:42.000,Aptos Bridge,BNB Chain,Harmony,2024-03-03 04:58:07.000,Harmony Bridge
0x11a4e9d1c74e15606f6c51c0f9826d4ccb82ad62,56.66,0x2d47a98762db98e0b3e4fb833edf9c189e8cf569,37,89,false,Arbitrum,,2023-05-13 08:37:16.000,Aptos Bridge,BNB Chain,Harmony,2024-03-02 07:24:43.000,Harmony Bridge
0x12a9f4792e47629b2cc41d947537c148edf4b83f,33.73,0x7bae605c475a911e82c906338f5e8ef5064099a7,29,124,false,Arbitrum,,2023-05-13 07:45:24.000,Aptos Bridge,BNB Chain,Harmony,2024-03-03 09:45:20.000,Harmony Bridge
0x14d0cfde509eff7d4f8a57b016e0bb54f233191e,56.99,0x8e418e9d8295ec7aa9fe271b777672b89319f966,38,91,false,Arbitrum,,2023-05-13 08:42:26.000,Aptos Bridge,BNB Chain,Harmony,2024-03-03 10:07:12.000,Harmony Bridge
0x14eeda644092b1ea87b8f19bc524b13f1d8afee1,51.54,0x623e2b539379b0a80795fbdc91d59cadce31db8c,53,129,false,Arbitrum,,2023-05-13 08:02:07.000,Aptos Bridge,BNB Chain,Harmony,2024-03-03 11:14:21.000,Harmony Bridge
0x1622fbb8c2162100ea962f5b1450bc75ffdf0381,18.37,0x8339f2c5c06ef1e1d29da4a0308c971a80fa48ec,30,101,false,Arbitrum,,2023-05-13 07:39:53.000,Aptos Bridge,BNB Chain,Harmony,2024-03-03 15:48:51.000,Harmony Bridge
0x17470418d465c6e90ead4527833b5d179b5d1d5f,14.19,0xbdce15c7730ce46a2dad52548f8d41a4fff0fc72,47,89,false,Arbitrum,,2023-05-13 09:19:51.000,Aptos Bridge,BNB Chain,Harmony,2024-03-03 10:36:52.000,Harmony Bridge
0x17c03690dc4d3241dd0d5bb3736709a4469fc3c0,21.63,0xe9b788bebc2f1cf68fd247a0998146ab216bfa1d,25,78,false,Arbitrum,,2023-05-13 09:11:57.000,Aptos Bridge,BNB Chain,Harmony,2024-03-03 12:20:59.000,Harmony Bridge
0x190f98e493caea27305de268f23174ab6a1eb3ce,41.75,0xe8b973c831aa2d4576aed1de9f667494e9355757,28,73,false,Arbitrum,,2023-05-13 08:04:48.000,Aptos Bridge,BNB Chain,Harmony,2024-03-03 08:03:02.000,Harmony Bridge
0x1a8d43813e3371f831fcc8d380dd840670683921,37.23,0x8266384cb479f7a7847acb751f5f0f95546ac0e7,48,143,false,Arbitrum,,2023-05-13 08:36:04.000,Aptos Bridge,BNB Chain,Harmony,2024-03-03 10:52:48.000,Harmony Bridge
0x1c87c350471b3925739b061916461c982576600b,15.66,0xb6e89d126c27b1d94d4a3771d5323e6df41c0eeb,22,102,false,Arbitrum,,2023-05-13 07:49:24.000,Aptos Bridge,BNB Chain,Harmony,2024-03-03 10:40:21.000,Harmony Bridge
0x1d7246dc0939e9b1a12fa6bd0cc927759110e25e,42.14,0x190f98e493caea27305de268f23174ab6a1eb3ce,25,102,false,Arbitrum,,2023-05-13 08:15:02.000,Aptos Bridge,BNB Chain,Harmony,2024-03-03 13:35:57.000,Harmony Bridge
0x1d9e72fb3b5409342be4cbe8e9a1ac3e4817c22e,27.89,0x8339f2c5c06ef1e1d29da4a0308c971a80fa48ec,50,141,false,Arbitrum,,2023-05-13 08:35:07.000,Aptos Bridge,BNB Chain,Harmony,2024-03-03 13:29:30.000,Harmony Bridge
0x1ddce26b19847dfb404e5e95f5498deff235f6b2,42.08,0x38f90cd04f48ad3d51456e219fe03dd7afeca2ce,29,93,false,Arbitrum,,2023-05-13 09:07:45.000,Aptos Bridge,BNB Chain,Harmony,2024-03-03 06:21:04.000,Harmony Bridge
0x1fc9e3b2a6dc317f0d58a753b2550d8e335552ea,49.49,0x60ab2fafc444a1e3c17859048692fd773dac6fe9,59,146,false,Arbitrum,,2023-05-13 08:11:22.000,Aptos Bridge,BNB Chain,Harmony,2024-03-03 11:42:00.000,Harmony Bridge
0x20223ce2dfa3991340973ba8b3c106990f64e12e,12.47,0x52475bb7eddce04acd857ad56e5427f660829f3a,19,69,false,Arbitrum,,2023-05-13 09:07:10.000,Aptos Bridge,BNB Chain,Harmony,2024-03-03 15:47:30.000,Harmony Bridge
0x20fea930a0ad2490f3565f773e0ecee634e8a5d1,20.51,0x2f822afbef932823953797da5c9573fb2da81fd7,32,80,false,Arbitrum,,2023-05-13 08:31:53.000,Aptos Bridge,BNB Chain,Harmony,2024-03-03 05:51:52.000,Harmony Bridge
0x27878e7d40b608ccdecf501306cc33723545d674,31.63,0x0604e29604008679d9dcacd2757a3e32515611dd,29,88,false,Arbitrum,,2023-05-13 09:26:04.000,Aptos Bridge,BNB Chain,Harmony,2024-03-03 15:10:44.000,Harmony Bridge
0x2a3b341af495f58aa4b8a7646e98546d62afd37b,10.60,0xed25c99a04a5e1e398003709476481f5b9d60e1c,25,72,false,Arbitrum,,2023-05-13 09:13:31.000,Aptos Bridge,BNB Chain,Harmony,2024-03-03 14:58:07.000,Harmony Bridge
0x2abcb18062ba8c501c21501f2f79956c7bebcc76,15.93,0x777ec2c8d7c4fab832fce45d880055ecba93d259,18,85,false,Arbitrum,,2023-05-13 09:17:59.000,Aptos Bridge,BNB Chain,Harmony,2024-03-02 22:55:16.000,Harmony Bridge
0x2b137b072c83c19daaef5f4008fd9f4e4d06ea27,48.07,0x9b380eb80cc3a3c24315b6a99d4eeaee28c1b4e5,31,122,false,Arbitrum,,2023-05-13 07:44:26.000,Aptos Bridge,BNB Chain,Harmony,2024-03-03 13:50:03.000,Harmony Bridge
0x2cc35e24b4575a0fd40c0593202ae6694fa4350f,25.69,0x31686689a34c8f4cb673be32b81d65c58c744237,26,91,false,Arbitrum,,2023-05-13 09:16:33.000,Aptos Bridge,BNB Chain,Harmony,2024-03-02 19:16:26.000,Harmony Bridge
0x2cc7ccf2a1ae5906a05898557c10be14290d50e5,10.18,0xbd0ce7b82b88248a2fefdaf15cb62373dd84ddc9,11,65,false,Arbitrum,,2023-05-13 09:11:15.000,Aptos Bridge,BNB Chain,Harmony,2024-03-03 04:04:45.000,Harmony Bridge
0x2d47a98762db98e0b3e4fb833edf9c189e8cf569,75.90,0x11a4e9d1c74e15606f6c51c0f9826d4ccb82ad62,37,100,false,Arbitrum,,2023-05-13 08:37:09.000,Aptos Bridge,BNB Chain,Harmony,2024-03-03 06:07:58.000,Harmony Bridge
0x2d510c6307f3b4ebb1e2fe85ca7dc9b252ed3c50,52.20,0xace0fbc38fdb61ab493541e8f230da02ffb9cfcf,40,104,false,Arbitrum,,2023-05-13 08:13:34.000,Aptos Bridge,BNB Chain,Harmony,2024-03-03 11:09:18.000,Harmony Bridge
0x2e2d2909071bb07824a4be12a862e4d688f3ae7d,25.72,0x6785d8e96e66e82e9d1427ec13049c0071ce5362,52,156,false,Arbitrum,,2023-05-13 08:18:30.000,Aptos Bridge,BNB Chain,Harmony,2024-03-03 15:36:23.000,Harmony Bridge
0x2ec7e82aa2689db689fc62417691088e45328f5e,17.71,0x07e65b04afb908becb6a2937b7d2d7a99312b399,16,71,false,Arbitrum,,2023-05-13 09:18:59.000,Aptos Bridge,BNB Chain,Harmony,2024-03-03 09:13:06.000,Harmony Bridge
0x2efced316070d47b44608a6de38c4ab4048bd78d,36.72,0xdfb8d74b547ba20999a7c113338cb4d3abe3e49c,33,96,false,Arbitrum,,2023-05-13 07:38:01.000,Aptos Bridge,BNB Chain,Harmony,2024-03-03 10:26:30.000,Harmony Bridge
0x2f6110a01a4890d92d80013bb6d47e76b45b5ddf,40.51,0x49203f4e2f67f1a47fb9520a6aee906bfb1ec7a9,33,81,false,Arbitrum,,2023-05-13 08:03:17.000,Aptos Bridge,BNB Chain,Harmony,2024-03-03 06:46:34.000,Harmony Bridge
0x2f822afbef932823953797da5c9573fb2da81fd7,42.11,0x20fea930a0ad2490f3565f773e0ecee634e8a5d1,32,90,false,Arbitrum,,2023-05-13 08:32:03.000,Aptos Bridge,BNB Chain,Harmony,2024-03-03 09:48:59.000,Harmony Bridge
0x303b4b3876620021fc34e43e5e3c2f67b3141adb,10.48,0xd5086613354680e84380b9cf88ad9c0744c450f2,11,64,false,Arbitrum,,2023-05-13 09:28:31.000,Aptos Bridge,BNB Chain,Harmony,2024-03-03 07:20:20.000,Harmony Bridge
0x30bedb63a7968b82c1355dc073e7aacbd51616a5,22.14,0x3ea5d0b9d8f82a47ec67966ee02bcaf3a4ea1584,25,93,false,Arbitrum,,2023-05-13 09:23:03.000,Aptos Bridge,BNB Chain,Harmony,2024-03-03 12:30:53.000,Harmony Bridge
0x31579c4d107829d91af9c2a5fc707c04fc833ae2,52.29,0xa4a3d348d0474894d5f91d2d2a7e06140dfa5131,30,94,false,Arbitrum,,2023-05-13 08:33:07.000,Aptos Bridge,BNB Chain,Harmony,2024-03-02 16:03:57.000,Harmony Bridge
0x31686689a34c8f4cb673be32b81d65c58c744237,20.72,0xe5f71d7b7b6e99c6f96ba6fd6a3fffa3cb1aa5ba,27,91,false,Arbitrum,,2023-05-13 09:28:54.000,Aptos Bridge,BNB Chain,Harmony,2024-03-03 09:06:42.000,Harmony Bridge
0x3466da099051c3cd1d9ee8654f586f90d684b8e0,88.86,0xa4a3d348d0474894d5f91d2d2a7e06140dfa5131,30,89,false,Arbitrum,,2023-05-13 08:26:04.000,Aptos Bridge,BNB Chain,Harmony,2024-03-03 09:44:41.000,Harmony Bridge
0x35193fdc77fa5cb36807637dc528c548b4048eaf,50.24,0x6791a226697fc00eae6b0bfb4da0773dc09f083e,29,79,false,Arbitrum,,2023-05-13 08:03:10.000,Aptos Bridge,BNB Chain,Harmony,2024-03-03 08:14:29.000,Harmony Bridge
0x35d3fda6a304b72e930b536001a06044f305793f,77.95,0x6b10a148f7236f761c167038a5a13cd0010cfb6b,35,91,false,Arbitrum,,2023-05-13 08:26:52.000,Aptos Bridge,BNB Chain,Harmony,2024-03-02 10:58:38.000,Harmony Bridge
0x365f3f96045bbaf54875111f86de998f093de2e6,46.48,0x502b42f83b4d3a68e5cc54f1597c8ad5f32c8984,33,107,false,Arbitrum,,2023-05-13 08:09:35.000,Aptos Bridge,BNB Chain,Harmony,2024-03-03 15:44:39.000,Harmony Bridge
0x38401e25542070703b1077cde460c026861818c9,31.90,0xce027e3e0924ad275299fff9d4470eb62820a7eb,23,88,false,Arbitrum,,2023-05-13 08:23:43.000,Aptos Bridge,BNB Chain,Harmony,2024-03-03 15:29:56.000,Harmony Bridge
0x38f90cd04f48ad3d51456e219fe03dd7afeca2ce,50.42,0x1ddce26b19847dfb404e5e95f5498deff235f6b2,29,97,false,Arbitrum,,2023-05-13 09:27:14.000,Aptos Bridge,BNB Chain,Harmony,2024-03-02 07:20:19.000,Harmony Bridge
0x3c3e95f5470d412c6a2d52c75c76ee1b598af010,21.69,0x2e2d2909071bb07824a4be12a862e4d688f3ae7d,43,135,false,Arbitrum,,2023-05-13 08:14:48.000,Aptos Bridge,BNB Chain,Harmony,2024-03-03 06:01:34.000,Harmony Bridge
0x3dbaa695a35bced6ee63e961d5436fe49a62ec1e,41.30,0x468282eadbb2795a5b04d64ef51c40ca8a6d971e,38,110,false,Arbitrum,,2023-05-13 09:16:41.000,Aptos Bridge,BNB Chain,Harmony,2024-03-03 14:30:09.000,Harmony Bridge
0x3ea5d0b9d8f82a47ec67966ee02bcaf3a4ea1584,19.25,0x30bedb63a7968b82c1355dc073e7aacbd51616a5,25,74,false,Arbitrum,,2023-05-13 09:19:24.000,Aptos Bridge,BNB Chain,Harmony,2024-03-03 13:43:27.000,Harmony Bridge
0x3fb7ea3d1118a9ebd993675abcd4b43dd55aa683,23.22,0xf20d5c72943b311f695f59a3cfba8c47de7f39b3,33,76,false,Arbitrum,,2023-05-13 08:31:46.000,Aptos Bridge,BNB Chain,Harmony,2024-03-03 13:24:09.000,Harmony Bridge
0x4093e4446f31889b5cef1e05efce1ff238bb0ee8,44.70,0xb045f52f105fa6c2e19c1ce4f931398c6172b188,31,160,false,Arbitrum,,2023-05-13 07:42:34.000,Aptos Bridge,BNB Chain,Harmony,2024-03-03 10:43:07.000,Harmony Bridge
0x41f281ed9892a04dd0b209c9a289e177199fb8c7,34.10,0x068083ab11ee7af53e16b40b87ccdd65c45e597d,32,89,false,Arbitrum,,2023-05-13 09:07:58.000,Aptos Bridge,BNB Chain,Harmony,2024-03-03 08:45:26.000,Harmony Bridge
0x420bc12481ff15856c4a6f3c8e6f6876fb6d6072,83.64,0xbff3ec5a3b25cc1553e88a2ea54a57e5dea9d54f,30,113,false,Arbitrum,,2023-05-13 07:55:01.000,Aptos Bridge,BNB Chain,Harmony,2024-03-03 08:19:47.000,Harmony Bridge
0x4604502bdca5c844d6c2f2e7335abfe67a00b80c,23.40,0x54b55bd4667e3788dbedc8a79deb8a9a64f7cfaa,22,61,false,Arbitrum,,2023-05-13 07:38:46.000,Aptos Bridge,BNB Chain,Harmony,2024-03-03 11:43:12.000,Harmony Bridge
0x462b19507e4a21d4e03e7525a87402bd1606fbcc,76.14,0x46fc60c0c9e8f68aef4852a59801f19a70c8be26,26,79,false,Arbitrum,,2023-05-13 08:01:52.000,Aptos Bridge,BNB Chain,Harmony,2024-03-02 15:54:42.000,Harmony Bridge
0x468282eadbb2795a5b04d64ef51c40ca8a6d971e,41.45,0x3dbaa695a35bced6ee63e961d5436fe49a62ec1e,38,105,false,Arbitrum,,2023-05-13 09:16:52.000,Aptos Bridge,BNB Chain,Harmony,2024-03-03 12:54:23.000,Harmony Bridge
0x46fc60c0c9e8f68aef4852a59801f19a70c8be26,32.32,0x462b19507e4a21d4e03e7525a87402bd1606fbcc,26,76,false,Arbitrum,,2023-05-13 08:03:33.000,Aptos Bridge,BNB Chain,Harmony,2024-03-03 07:02:31.000,Harmony Bridge
0x474969f10ceadfea1eb4260e6bf1e7a680ddf29d,31.81,0x6a4a4210180f8491163ab248d7243ab19bbec3ef,37,195,false,Arbitrum,,2023-05-13 08:42:18.000,Aptos Bridge,BNB Chain,Harmony,2024-03-03 14:05:21.000,Harmony Bridge
0x485066854513639fa50a6bafb90782bdfd2ff5e9,81.90,0xace0fbc38fdb61ab493541e8f230da02ffb9cfcf,36,91,false,Arbitrum,,2023-05-13 08:28:02.000,Aptos Bridge,BNB Chain,Harmony,2024-03-03 08:36:56.000,Harmony Bridge
0x49203f4e2f67f1a47fb9520a6aee906bfb1ec7a9,43.34,0x2f6110a01a4890d92d80013bb6d47e76b45b5ddf,33,104,false,Arbitrum,,2023-05-13 07:44:49.000,Aptos Bridge,BNB Chain,Harmony,2024-03-03 14:50:47.000,Harmony Bridge
0x495643067d23494ad84410769b7490623238fea3,42.80,0xb5f6770618ab94bb272209114b3876e5e744c658,36,80,false,Arbitrum,,2023-05-13 09:24:00.000,Aptos Bridge,BNB Chain,Harmony,2024-03-02 23:54:12.000,Harmony Bridge
0x498682f7ff033edc3cc84dfda331ad649d9b1721,52.32,0xe3e6086bf9d2254662ea6a175e85be9331fe22a7,25,89,false,Arbitrum,,2023-05-13 08:43:31.000,Aptos Bridge,BNB Chain,Harmony,2024-03-03 16:00:01.000,Harmony Bridge
0x49ec41b0be196529416e30ea1f608c6b6b6ea848,42.44,0xeb268aca0fc5457bbf3b6ba7a8d9d6ba6928dbac,57,141,false,Arbitrum,,2023-05-13 08:10:37.000,Aptos Bridge,BNB Chain,Harmony,2024-03-02 06:04:26.000,Harmony Bridge
0x4a02db0eccc993bb05f187a758d4380ef3adef6d,57.65,0xa48db905338f8555f0eb498e60733a086f148251,31,78,false,Arbitrum,,2023-05-13 08:02:33.000,Aptos Bridge,BNB Chain,Harmony,2024-03-03 08:07:44.000,Harmony Bridge
0x4a3011e82fa10b03efedd88532236bc8da017219,13.77,0x0dcf737035d700c5285acd3a70fe6ccf9585cb23,31,86,false,Arbitrum,,2023-05-13 09:25:19.000,Aptos Bridge,BNB Chain,Harmony,2024-03-03 15:13:17.000,Harmony Bridge
0x4a9230bdd040d50791d06402d4584ab7d94ea08a,16.63,0x9f69a8425b0e750f10405aaa57621f89e570bab7,16,49,false,Arbitrum,,2023-05-13 08:25:02.000,Aptos Bridge,BNB Chain,Harmony,2024-03-03 13:48:42.000,Harmony Bridge
0x4b6670c4a11842f06b377861c7375d9e21544cb2,15.06,0x07e65b04afb908becb6a2937b7d2d7a99312b399,17,85,false,Arbitrum,,2023-05-13 09:17:48.000,Aptos Bridge,BNB Chain,Harmony,2024-03-03 15:56:25.000,Harmony Bridge
0x4dbec7f2d1c2b6d50513d75dc769b4bd8aa24cd3,71.33,0xc54251d2e3e083aafb75abfe276baa535ffb1085,42,99,false,Arbitrum,,2023-05-13 08:32:58.000,Aptos Bridge,BNB Chain,Harmony,2024-03-02 14:42:48.000,Harmony Bridge
0x4e13bbff1a639fd382e1c3a37f8b667f924aa9b2,43.70,0x63a4061e4f3b8c5956eb18bc3124e59a4af117bd,30,113,false,Arbitrum,,2023-05-13 08:25:13.000,Aptos Bridge,BNB Chain,Harmony,2024-03-03 11:27:42.000,Harmony Bridge
0x4ea2cd06332cf5576dd219778b756c336fba7bd8,43.28,0x49ec41b0be196529416e30ea1f608c6b6b6ea848,48,168,false,Arbitrum,,2023-05-13 07:45:48.000,Aptos Bridge,BNB Chain,Harmony,2024-03-03 04:24:36.000,Harmony Bridge
0x4faeb34138cf5c8b7da2692cae227ab6b40aadca,19.58,0xbf27e48926468cc6d58cefc55660e712971b60a1,30,80,false,Arbitrum,,2023-05-13 09:12:47.000,Aptos Bridge,BNB Chain,Harmony,2024-03-03 07:53:29.000,Harmony Bridge
0x502b42f83b4d3a68e5cc54f1597c8ad5f32c8984,53.40,0x2d510c6307f3b4ebb1e2fe85ca7dc9b252ed3c50,37,116,false,Arbitrum,,2023-05-13 08:19:17.000,Aptos Bridge,BNB Chain,Harmony,2024-03-03 14:07:12.000,Harmony Bridge
0x52475bb7eddce04acd857ad56e5427f660829f3a,13.49,0x20223ce2dfa3991340973ba8b3c106990f64e12e,19,73,false,Arbitrum,,2023-05-13 09:27:59.000,Aptos Bridge,BNB Chain,Harmony,2024-03-03 06:17:28.000,Harmony Bridge
0x536a8fc6d0ad0478a2652d030cefcc9b4e62be02,66.02,0x9d1f2194dbb27241e45200e0bf48547baacfc426,31,77,false,Arbitrum,,2023-05-13 08:39:17.000,Aptos Bridge,BNB Chain,Harmony,2024-03-03 08:37:35.000,Harmony Bridge
0x54878c06a4401bfb8d5fa5d5950772d3a931d14c,14.13,0xd1f5c228fc1479537e9e9073e028a49f87c5645c,34,148,false,Arbitrum,,2023-05-13 09:14:35.000,Aptos Bridge,BNB Chain,Harmony,2024-03-03 09:34:39.000,Harmony Bridge
0x54aa2ca7539a84ccf9f0da2b0fb97a01e4d4be5b,27.20,0xbf999e3162e82e4062207d416441144db68d8633,29,91,false,Arbitrum,,2023-05-13 09:11:07.000,Aptos Bridge,BNB Chain,Harmony,2024-03-03 12:33:53.000,Harmony Bridge
0x54b55bd4667e3788dbedc8a79deb8a9a64f7cfaa,22.65,0x4604502bdca5c844d6c2f2e7335abfe67a00b80c,22,64,false,Arbitrum,,2023-05-13 08:01:07.000,Aptos Bridge,BNB Chain,Harmony,2024-03-02 22:01:48.000,Harmony Bridge
0x569b74e0031b62cc78f09669a8a4db644b25d49e,14.04,0x736ec7c0cd9f9120f089a6d0cdee7ae6abff6e00,29,85,false,Arbitrum,,2023-05-13 09:30:26.000,Aptos Bridge,BNB Chain,Harmony,2024-03-03 06:02:16.000,Harmony Bridge
0x5709b3aabde465798383f9d0f87d158b106dc5a8,18.67,0xff5796fdc6c2b8abd7268a7affcdf569d3658c78,30,112,false,Arbitrum,,2023-05-13 08:45:08.000,Aptos Bridge,BNB Chain,Harmony,2024-03-03 08:07:26.000,Harmony Bridge
0x577607f29478867712b69c5b0fca72c489174416,69.97,0xbff3ec5a3b25cc1553e88a2ea54a57e5dea9d54f,25,124,false,Arbitrum,,2023-05-13 08:16:00.000,Aptos Bridge,BNB Chain,Harmony,2024-03-02 08:15:55.000,Harmony Bridge
0x57b1b23a1204b51ee2c4c8bfd02f7040d76e7dff,46.33,0x9ba416211ae2419eed7bfab77091603e335189cf,31,79,false,Arbitrum,,2023-05-13 08:42:05.000,Aptos Bridge,BNB Chain,Harmony,2024-03-03 06:05:49.000,Harmony Bridge
0x57ea1ec73cd71539feecb70e84a9b7129dc64269,11.96,0x719cd481275aeee86e09d8a928307a612ef82e3f,30,102,false,Arbitrum,,2023-05-13 07:47:49.000,Aptos Bridge,BNB Chain,Harmony,2024-03-03 07:07:52.000,Harmony Bridge
0x5829809b76a5f69004cee2e8015845b85f4e379a,46.23,0x86df9bf931b0f05a4d98391cf83c4250a7c102b4,31,78,false,Arbitrum,,2023-05-13 08:34:42.000,Aptos Bridge,BNB Chain,Harmony,2024-03-03 13:44:39.000,Harmony Bridge
0x593c51538b713cb499796605e14fd30d6495b417,72.77,0x474969f10ceadfea1eb4260e6bf1e7a680ddf29d,20,121,false,Arbitrum,,2023-05-13 08:11:01.000,Aptos Bridge,BNB Chain,Harmony,2024-03-03 08:51:36.000,Harmony Bridge
0x599d1edabfa820e6b16e7ce47525a780a84b9ae0,52.65,0xace0fbc38fdb61ab493541e8f230da02ffb9cfcf,29,121,false,Arbitrum,,2023-05-13 08:09:48.000,Aptos Bridge,BNB Chain,Harmony,2024-03-03 13:27:24.000,Harmony Bridge
0x5a4f2a9125908ed5b83a0c629774868d14818de9,48.83,0x190f98e493caea27305de268f23174ab6a1eb3ce,26,119,false,Arbitrum,,2023-05-13 07:40:24.000,Aptos Bridge,BNB Chain,Harmony,2024-03-03 11:46:51.000,Harmony Bridge
0x5b07659952fd1070acf30eeb90f8da8206a532e3,35.60,0x6c1e8f45a340eafa6757f8ed9963f3074558d503,36,99,false,Arbitrum,,2023-05-13 09:31:12.000,Aptos Bridge,BNB Chain,Harmony,2024-03-03 12:59:50.000,Harmony Bridge
0x5dc5fd84394c03fba8b943f80e1694ccc478fde3,28.61,0x8266384cb479f7a7847acb751f5f0f95546ac0e7,49,139,false,Arbitrum,,2023-05-13 08:21:10.000,Aptos Bridge,BNB Chain,Harmony,2024-03-02 16:50:04.000,Harmony Bridge
0x5fa94f0020540e228c8c81a38ac32d9dcbefa29f,17.56,0x872fffea68227d4a204f79cc65f1a1da48a4d27c,26,71,false,Arbitrum,,2023-05-13 08:05:31.000,Aptos Bridge,BNB Chain,Harmony,2024-03-02 10:20:51.000,Harmony Bridge
0x60ab2fafc444a1e3c17859048692fd773dac6fe9,49.01,0x1fc9e3b2a6dc317f0d58a753b2550d8e335552ea,59,164,false,Arbitrum,,2023-05-13 08:27:07.000,Aptos Bridge,BNB Chain,Harmony,2024-03-03 12:28:26.000,Harmony Bridge
0x61e78cc17f2ff618b776fa02a4e1b400855cda0a,23.46,0x981d9194ccbc1e7dd5e2e5ce7ef8f5895453a988,16,73,false,Arbitrum,,2023-05-13 08:35:40.000,Aptos Bridge,BNB Chain,Harmony,2024-03-03 12:47:47.000,Harmony Bridge
0x6202e2a4510b69929e9b69734a773cddd802b606,63.73,0x8e418e9d8295ec7aa9fe271b777672b89319f966,41,105,false,Arbitrum,,2023-05-13 08:11:38.000,Aptos Bridge,BNB Chain,Harmony,2024-03-03 11:31:21.000,Harmony Bridge
0x623e2b539379b0a80795fbdc91d59cadce31db8c,52.89,0x14eeda644092b1ea87b8f19bc524b13f1d8afee1,53,153,false,Arbitrum,,2023-05-13 08:19:38.000,Aptos Bridge,BNB Chain,Harmony,2024-03-03 10:27:09.000,Harmony Bridge
0x63a4061e4f3b8c5956eb18bc3124e59a4af117bd,40.39,0x4e13bbff1a639fd382e1c3a37f8b667f924aa9b2,30,99,false,Arbitrum,,2023-05-13 08:46:23.000,Aptos Bridge,BNB Chain,Harmony,2024-03-03 11:37:33.000,Harmony Bridge
0x64002bc689612736264ee5222a216df75a912788,37.47,0x6791a226697fc00eae6b0bfb4da0773dc09f083e,30,126,false,Arbitrum,,2023-05-13 07:57:04.000,Aptos Bridge,BNB Chain,Harmony,2024-03-03 10:50:12.000,Harmony Bridge
0x657c7f3fdccb41a895ec532e0d660107cbcbdd9d,17.86,0xe805e43d69da36e9d65a754c066f3572ab662e20,33,99,false,Arbitrum,,2023-05-13 09:06:16.000,Aptos Bridge,BNB Chain,Harmony,2024-03-03 12:57:56.000,Harmony Bridge
0x670fbb0889c55fec05b4422216cb065b072c1da4,17.35,0x8266384cb479f7a7847acb751f5f0f95546ac0e7,38,176,false,Arbitrum,,2023-05-13 08:30:38.000,Aptos Bridge,BNB Chain,Harmony,2024-03-03 11:21:00.000,Harmony Bridge
0x6737c294e173aa76b9c3b70e78969fdeb1308498,35.78,0xaac8d44bc8a7640aa2f9e78d448cdabc2ad3eb14,34,91,false,Arbitrum,,2023-05-13 08:45:33.000,Aptos Bridge,BNB Chain,Harmony,2024-03-03 08:00:29.000,Harmony Bridge
0x6785d8e96e66e82e9d1427ec13049c0071ce5362,35.03,0x2e2d2909071bb07824a4be12a862e4d688f3ae7d,52,145,false,Arbitrum,,2023-05-13 07:52:29.000,Aptos Bridge,BNB Chain,Harmony,2024-03-03 15:02:26.000,Harmony Bridge
0x6791a226697fc00eae6b0bfb4da0773dc09f083e,39.76,0xc3648bd515add6ffc01334ed39ad6d701772f60c,40,114,false,Arbitrum,,2023-05-13 07:49:37.000,Aptos Bridge,BNB Chain,Harmony,2024-03-03 13:55:24.000,Harmony Bridge
0x685de20fd5e11a60fe8612ccd4b73ee7c063c626,45.57,0x54aa2ca7539a84ccf9f0da2b0fb97a01e4d4be5b,27,88,false,Arbitrum,,2023-05-13 09:24:45.000,Aptos Bridge,BNB Chain,Harmony,2024-03-03 04:29:18.000,Harmony Bridge
0x68bf3b73cc75d49f753197ef72c110c9c6286cd4,45.60,0xf072c8fe6bd40b56506434571c1560279cecd021,47,153,false,Arbitrum,,2023-05-13 08:07:12.000,Aptos Bridge,BNB Chain,Harmony,2024-03-03 12:53:29.000,Harmony Bridge
0x69d1be401dbe7b7166696ce5f12717326aa133e7,47.47,0xed6dbf44767a568d3b5af147ef1255cf6c4cb82d,47,138,false,Arbitrum,,2023-05-13 08:28:43.000,Aptos Bridge,BNB Chain,Harmony,2024-03-03 14:27:36.000,Harmony Bridge
0x6a4a4210180f8491163ab248d7243ab19bbec3ef,30.48,0x3c3e95f5470d412c6a2d52c75c76ee1b598af010,38,144,false,Arbitrum,,2023-05-13 08:40:08.000,Aptos Bridge,BNB Chain,Harmony,2024-03-03 08:19:56.000,Harmony Bridge
0x6addafbe45cd9f199f526517b2ed3c39519e6e19,60.42,0xb5cb367b685366fbe4598fd2e47f0a999a791b80,35,93,false,Arbitrum,,2023-05-13 08:20:09.000,Aptos Bridge,BNB Chain,Harmony,2024-03-03 11:39:39.000,Harmony Bridge
0x6aefa8f2534b198b30bd49b4c7d73a7f4c4db531,16.20,0xf304d10c67bc8ce8e3df555cb3625c9b09ee90cb,39,87,false,Arbitrum,,2023-05-13 09:12:35.000,Aptos Bridge,BNB Chain,Harmony,2024-03-03 07:19:56.000,Harmony Bridge
0x6b10a148f7236f761c167038a5a13cd0010cfb6b,78.61,0x35d3fda6a304b72e930b536001a06044f305793f,35,81,false,Arbitrum,,2023-05-13 08:40:51.000,Aptos Bridge,BNB Chain,Harmony,2024-03-03 15:34:17.000,Harmony Bridge
0x6b8cb095c5601c8721a5ef521eb7983be47791ca,65.39,0x71c6329f83b5315ff1b816b611d6d3c318502618,25,78,false,Arbitrum,,2023-05-13 08:32:22.000,Aptos Bridge,BNB Chain,Harmony,2024-03-03 06:16:25.000,Harmony Bridge
0x6c1143119a2aa635c9b44114ac984e770ddc6bcf,63.83,0x713c3b47a9967b9d0986dd091dfa3a6e3464ecc2,30,125,false,Arbitrum,,2023-05-13 08:18:43.000,Aptos Bridge,BNB Chain,Harmony,2024-03-02 15:17:45.000,Harmony Bridge
0x6c1e8f45a340eafa6757f8ed9963f3074558d503,36.72,0x5b07659952fd1070acf30eeb90f8da8206a532e3,36,89,false,Arbitrum,,2023-05-13 09:28:11.000,Aptos Bridge,BNB Chain,Harmony,2024-03-03 13:01:23.000,Harmony Bridge
0x70aaeaf601953de04a45236fe6765a5d9a0d0129,42.35,0xeab2a8597a17f9f235813f035eacc8cae4d9eb8a,27,127,false,Arbitrum,,2023-05-13 08:45:43.000,Aptos Bridge,BNB Chain,Harmony,2024-03-03 13:13:47.000,Harmony Bridge
0x713c3b47a9967b9d0986dd091dfa3a6e3464ecc2,47.50,0xaf53f3e83454f32e2b342b7174cebbb2b69cdf2e,31,111,false,Arbitrum,,2023-05-13 08:21:44.000,Aptos Bridge,BNB Chain,Harmony,2024-03-03 08:25:53.000,Harmony Bridge
0x719cd481275aeee86e09d8a928307a612ef82e3f,12.89,0x57ea1ec73cd71539feecb70e84a9b7129dc64269,30,95,false,Arbitrum,,2023-05-13 07:44:20.000,Aptos Bridge,BNB Chain,Harmony,2024-03-03 13:23:12.000,Harmony Bridge
0x71c6329f83b5315ff1b816b611d6d3c318502618,47.02,0x6b8cb095c5601c8721a5ef521eb7983be47791ca,25,78,false,Arbitrum,,2023-05-13 08:38:37.000,Aptos Bridge,BNB Chain,Harmony,2024-03-03 14:57:46.000,Harmony Bridge
0x72f025b70d081dee917dd071fb474cc2f763a57f,41.90,0xa0584b992dcf74df7ab5985bc5c06e6a6c8de96c,36,128,false,Arbitrum,,2023-05-13 08:05:00.000,Aptos Bridge,BNB Chain,Harmony,2024-03-03 12:11:08.000,Harmony Bridge
0x736ec7c0cd9f9120f089a6d0cdee7ae6abff6e00,17.44,0x569b74e0031b62cc78f09669a8a4db644b25d49e,29,83,false,Arbitrum,,2023-05-13 09:26:26.000,Aptos Bridge,BNB Chain,Harmony,2024-03-02 11:13:41.000,Harmony Bridge
0x74a42df92f4224b17c12f8830808cfb02bd4f912,16.39,0xa17d4f310cb594c2510d34d74079af592aa569de,34,119,false,Arbitrum,,2023-05-13 09:22:09.000,Aptos Bridge,BNB Chain,Harmony,2024-03-03 11:42:54.000,Harmony Bridge
0x7534d498a583e8bedc4e42a363c7686dda0b3bf9,31.63,0x068083ab11ee7af53e16b40b87ccdd65c45e597d,31,100,false,Arbitrum,,2023-05-13 09:20:10.000,Aptos Bridge,BNB Chain,Harmony,2024-03-03 13:36:45.000,Harmony Bridge
0x75dedd8e748e4ac6069c226870cca1695e6c0ede,38.16,0x64002bc689612736264ee5222a216df75a912788,28,80,false,Arbitrum,,2023-05-13 08:03:49.000,Aptos Bridge,BNB Chain,Harmony,2024-03-03 13:38:03.000,Harmony Bridge
0x760166f24f9fb74a84948b48281b6789e441409b,41.51,0x495643067d23494ad84410769b7490623238fea3,30,96,false,Arbitrum,,2023-05-13 09:27:22.000,Aptos Bridge,BNB Chain,Harmony,2024-03-03 08:22:29.000,Harmony Bridge
0x76d2afdc301c8db863868507edef41d7b0fc38f0,20.30,0xc07028c179483a1f50a25a3271b6b19b5e34c21c,34,95,false,Arbitrum,,2023-05-13 09:19:35.000,Aptos Bridge,BNB Chain,Harmony,2024-03-03 15:00:44.000,Harmony Bridge
0x777ec2c8d7c4fab832fce45d880055ecba93d259,14.88,0x2a3b341af495f58aa4b8a7646e98546d62afd37b,22,84,false,Arbitrum,,2023-05-13 09:26:36.000,Aptos Bridge,BNB Chain,Harmony,2024-03-03 09:52:11.000,Harmony Bridge
0x795db33b35d25cee3728e326ade3a47e3c058206,20.48,0x17c03690dc4d3241dd0d5bb3736709a4469fc3c0,20,64,false,Arbitrum,,2023-05-13 09:09:55.000,Aptos Bridge,BNB Chain,Harmony,2024-03-03 10:05:21.000,Harmony Bridge
0x7a1f1155ee60b75fbdf6d9f41221a8640e0b95c7,54.31,0xf06a9ff016e25e96c2aaab4b71e2be9880813f11,25,91,false,Arbitrum,,2023-05-13 09:16:12.000,Aptos Bridge,BNB Chain,Harmony,2024-03-03 07:41:20.000,Harmony Bridge
0x7bae605c475a911e82c906338f5e8ef5064099a7,36.05,0x12a9f4792e47629b2cc41d947537c148edf4b83f,29,109,false,Arbitrum,,2023-05-13 07:44:09.000,Aptos Bridge,BNB Chain,Harmony,2024-03-03 09:25:30.000,Harmony Bridge
0x7c0dd521bd18636c53f7baeb89200dd36943e439,29.43,0x54b55bd4667e3788dbedc8a79deb8a9a64f7cfaa,19,75,false,Arbitrum,,2023-05-13 08:12:26.000,Aptos Bridge,BNB Chain,Harmony,2024-03-03 08:12:50.000,Harmony Bridge
0x7c6637fb93de64ce5cd959af212cad754d023a43,80.15,0xff30a07f6945b4f12d79747b4fe781e9644b62cb,32,84,false,Arbitrum,,2023-05-13 08:41:50.000,Aptos Bridge,BNB Chain,Harmony,2024-03-03 10:48:06.000,Harmony Bridge
0x7d38c4582a27c785f6fe574a70dc3dab96833c57,50.69,0x9fe590076a672bb0a5d977aeaaa2da9928294d1b,33,90,false,Arbitrum,,2023-05-13 09:28:25.000,Aptos Bridge,BNB Chain,Harmony,2024-03-03 11:28:45.000,Harmony Bridge
0x7d6a13b8faebd96894736f5db6e383bd198612d1,34.04,0x9f919d7c4f7c59524f45f50355718c773d8f8cd0,25,87,false,Arbitrum,,2023-05-13 08:46:09.000,Aptos Bridge,BNB Chain,Harmony,2024-03-03 13:02:11.000,Harmony Bridge
0x7e57de216aec6874baf5ed0e2044addb2ff34646,38.83,0xea66b13743293d5fd10807b51d83197abbe3fd5e,46,122,false,Arbitrum,,2023-05-13 07:58:34.000,Aptos Bridge,BNB Chain,Harmony,2024-03-03 15:43:54.000,Harmony Bridge
0x7f1e88d2fa73be9e3fce9b96a7de0ccc3f0d3caa,48.04,0x8339f2c5c06ef1e1d29da4a0308c971a80fa48ec,40,150,false,Arbitrum,,2023-05-13 08:11:16.000,Aptos Bridge,BNB Chain,Harmony,2024-03-03 09:38:30.000,Harmony Bridge
0x7ff292895a5c2b9824a720453e18a57d12a4686f,43.01,0x9106cde2a6d640fd64c037d06fd6e9b76c0bcafa,36,182,false,Arbitrum,,2023-05-13 08:40:40.000,Aptos Bridge,BNB Chain,Harmony,2024-03-03 06:16:46.000,Harmony Bridge
0x820036524c3addf39e2efb73ebc48eda8fabd731,69.31,0xabf9cd9a6c4748797d9f821c1609b1c82452ad96,32,114,false,Arbitrum,,2023-05-13 08:13:13.000,Aptos Bridge,BNB Chain,Harmony,2024-03-03 12:47:17.000,Harmony Bridge
0x8266384cb479f7a7847acb751f5f0f95546ac0e7,17.65,0x5dc5fd84394c03fba8b943f80e1694ccc478fde3,49,187,false,Arbitrum,,2023-05-13 08:38:17.000,Aptos Bridge,BNB Chain,Harmony,2024-03-02 12:43:19.000,Harmony Bridge
0x83377ee0a3b5b3dbabe883ebef410b7321cd1925,21.99,0x468282eadbb2795a5b04d64ef51c40ca8a6d971e,15,86,false,Arbitrum,,2023-05-13 09:17:27.000,Aptos Bridge,BNB Chain,Harmony,2024-03-03 12:28:56.000,Harmony Bridge
0x8339f2c5c06ef1e1d29da4a0308c971a80fa48ec,35.69,0x1d9e72fb3b5409342be4cbe8e9a1ac3e4817c22e,50,133,false,Arbitrum,,2023-05-13 07:55:15.000,Aptos Bridge,BNB Chain,Harmony,2024-03-03 15:59:25.000,Harmony Bridge
0x83d362de5580e712584ff9db3fc933584a11680a,19.40,0x4faeb34138cf5c8b7da2692cae227ab6b40aadca,15,88,false,Arbitrum,,2023-05-13 09:24:16.000,Aptos Bridge,BNB Chain,Harmony,2024-03-03 06:49:04.000,Harmony Bridge
0x843d53b10619ee4c04210897637704be3c5a9c06,48.67,0x14d0cfde509eff7d4f8a57b016e0bb54f233191e,34,139,false,Arbitrum,,2023-05-13 08:10:28.000,Aptos Bridge,BNB Chain,Harmony,2024-03-03 14:41:51.000,Harmony Bridge
0x8490a9e53cb1454434071efe30938bfbba489e66,21.20,0x8266384cb479f7a7847acb751f5f0f95546ac0e7,48,144,false,Arbitrum,,2023-05-13 08:11:57.000,Aptos Bridge,BNB Chain,Harmony,2024-03-02 12:03:01.000,Harmony Bridge
0x867136c74d22f799f71e317490695ce5623388a4,46.66,0x9d1f2194dbb27241e45200e0bf48547baacfc426,52,162,false,Arbitrum,,2023-05-13 08:15:23.000,Aptos Bridge,BNB Chain,Harmony,2024-03-03 05:58:58.000,Harmony Bridge
0x86df9bf931b0f05a4d98391cf83c4250a7c102b4,46.20,0xd8831dfb4855b9bd566b6b2133474040e9443178,66,146,false,Arbitrum,,2023-05-13 08:14:01.000,Aptos Bridge,BNB Chain,Harmony,2024-03-03 07:48:50.000,Harmony Bridge
0x872fffea68227d4a204f79cc65f1a1da48a4d27c,11.72,0x5fa94f0020540e228c8c81a38ac32d9dcbefa29f,26,109,false,Arbitrum,,2023-05-13 07:38:19.000,Aptos Bridge,BNB Chain,Harmony,2024-03-03 07:41:11.000,Harmony Bridge
0x8a0ba6db90291e2d0813d89de29e57ea94012ba0,50.03,0xffa5b5bc74115fda12315cf6e5e21ef58d94e88b,31,85,false,Arbitrum,,2023-05-13 08:27:14.000,Aptos Bridge,BNB Chain,Harmony,2024-03-03 15:57:46.000,Harmony Bridge
0x8cf77068a6d4a719f98e74061320d16193f798ed,12.20,0x4a3011e82fa10b03efedd88532236bc8da017219,29,94,false,Arbitrum,,2023-05-13 09:28:17.000,Aptos Bridge,BNB Chain,Harmony,2024-03-03 12:29:44.000,Harmony Bridge
0x8d4a19927f02dcb245c4f97861e3794fe7b250fe,39.31,0xb5cb367b685366fbe4598fd2e47f0a999a791b80,26,110,false,Arbitrum,,2023-05-13 07:57:36.000,Aptos Bridge,BNB Chain,Harmony,2024-03-03 09:29:00.000,Harmony Bridge
0x8d93bd580f31238422000087c5c71bf110dff1d8,31.36,0xce027e3e0924ad275299fff9d4470eb62820a7eb,23,74,false,Arbitrum,,2023-05-13 08:43:10.000,Aptos Bridge,BNB Chain,Harmony,2024-03-03 08:41:59.000,Harmony Bridge
0x8e29e7a1224c62a82a1eb6428aab4b5143d7e484,15.12,0xf9d01306f411d1a12942d0cb4395ea196930cb44,40,102,false,Arbitrum,,2023-05-13 09:20:51.000,Aptos Bridge,BNB Chain,Harmony,2024-03-03 10:50:51.000,Harmony Bridge
0x8e418e9d8295ec7aa9fe271b777672b89319f966,70.15,0x6202e2a4510b69929e9b69734a773cddd802b606,41,87,false,Arbitrum,,2023-05-13 08:29:58.000,Aptos Bridge,BNB Chain,Harmony,2024-03-03 09:25:51.000,Harmony Bridge
0x9106cde2a6d640fd64c037d06fd6e9b76c0bcafa,45.30,0x7ff292895a5c2b9824a720453e18a57d12a4686f,36,148,false,Arbitrum,,2023-05-13 08:40:15.000,Aptos Bridge,BNB Chain,Harmony,2024-03-03 15:18:38.000,Harmony Bridge
0x91ce624ca8270d1b9608d5973180f9e7ce39412f,22.26,0x2a3b341af495f58aa4b8a7646e98546d62afd37b,17,82,false,Arbitrum,,2023-05-13 09:08:22.000,Aptos Bridge,BNB Chain,Harmony,2024-03-03 15:53:06.000,Harmony Bridge
0x93984f9033a3042f67acddc784b320e1f6d4bfb3,34.73,0x12a9f4792e47629b2cc41d947537c148edf4b83f,29,99,false,Arbitrum,,2023-05-13 07:40:34.000,Aptos Bridge,BNB Chain,Harmony,2024-03-03 15:16:47.000,Harmony Bridge
0x946aa68c8cd72d3d89ada2750ce4f8cc74a4a784,19.73,0xe12159b1130d77af1341d4714032aa4bcbeabc85,28,87,false,Arbitrum,,2023-05-13 09:25:55.000,Aptos Bridge,BNB Chain,Harmony,2024-03-02 18:02:52.000,Harmony Bridge
0x94da1548ae89edd1915c12a60529f15ac8b34543,24.94,0xffa50bba35beffbc84d74c7c2a102ba6bc246ffa,21,111,false,Arbitrum,,2023-05-13 08:46:00.000,Aptos Bridge,BNB Chain,Harmony,2024-03-03 15:40:58.000,Harmony Bridge
0x955ac9f34ceafe091238e8f03458fe5d670ffd1b,29.76,0xcf89493b781c64e611066f987cbb2a6abcf8394c,21,131,false,Arbitrum,,2023-05-13 08:44:29.000,Aptos Bridge,BNB Chain,Harmony,2024-03-03 13:39:42.000,Harmony Bridge
0x9623a90e664947676b92dba5c33409d214adb855,17.62,0xae7993b9e1535644dfc89ff4a84fee1eb6c8a3fa,19,92,false,Arbitrum,,2023-05-13 09:14:29.000,Aptos Bridge,BNB Chain,Harmony,2024-03-03 15:49:54.000,Harmony Bridge
0x981d9194ccbc1e7dd5e2e5ce7ef8f5895453a988,54.43,0xe4569ff4bf0bb82a5cfa64ab90acd79aab02433e,37,85,false,Arbitrum,,2023-05-13 08:38:28.000,Aptos Bridge,BNB Chain,Harmony,2024-03-03 06:23:49.000,Harmony Bridge
0x9909badfcc645b179fc3a0b99bd0e19289622d56,72.38,0x6b10a148f7236f761c167038a5a13cd0010cfb6b,30,133,false,Arbitrum,,2023-05-13 08:08:31.000,Aptos Bridge,BNB Chain,Harmony,2024-03-02 19:49:44.000,Harmony Bridge
0x9980a4f7f84c1295245ea62f7ddac29d8598e704,15.03,0x6c1e8f45a340eafa6757f8ed9963f3074558d503,30,105,false,Arbitrum,,2023-05-13 09:21:37.000,Aptos Bridge,BNB Chain,Harmony,2024-03-03 11:55:57.000,Harmony Bridge
0x9a0758034d84b25b93e317f91a663cacfb130c30,66.51,0x536a8fc6d0ad0478a2652d030cefcc9b4e62be02,27,90,false,Arbitrum,,2023-05-13 08:36:57.000,Aptos Bridge,BNB Chain,Harmony,2024-03-02 15:07:57.000,Harmony Bridge
0x9a8b73e884fe6429f01ca96b7a6023ccc0f8e71e,74.10,0xa160ac173b2cc27f919393e2973690aa04b0270f,34,97,false,Arbitrum,,2023-05-13 08:17:16.000,Aptos Bridge,BNB Chain,Harmony,2024-03-03 10:11:24.000,Harmony Bridge
0x9ac4d9f689e5396dbeaa1246b6df69b99d13b634,17.41,0xef1b17d5e3ffbc2b951229ece6cdf8012dcb3def,10,59,false,Arbitrum,,2023-05-13 08:02:57.000,Aptos Bridge,BNB Chain,Harmony,2024-03-02 08:24:07.000,Harmony Bridge
0x9b380eb80cc3a3c24315b6a99d4eeaee28c1b4e5,48.83,0xaf53f3e83454f32e2b342b7174cebbb2b69cdf2e,37,104,false,Arbitrum,,2023-05-13 08:08:45.000,Aptos Bridge,BNB Chain,Harmony,2024-03-03 10:02:27.000,Harmony Bridge
0x9ba416211ae2419eed7bfab77091603e335189cf,51.84,0x57b1b23a1204b51ee2c4c8bfd02f7040d76e7dff,31,136,false,Arbitrum,,2023-05-13 08:16:07.000,Aptos Bridge,BNB Chain,Harmony,2024-03-02 14:58:30.000,Harmony Bridge
0x9cab75f20ae00a33c1b5b151fe7ae2464194a072,26.51,0xce027e3e0924ad275299fff9d4470eb62820a7eb,20,115,false,Arbitrum,,2023-05-13 07:58:23.000,Aptos Bridge,BNB Chain,Harmony,2024-03-03 11:40:42.000,Harmony Bridge
0x9d1f2194dbb27241e45200e0bf48547baacfc426,50.27,0x867136c74d22f799f71e317490695ce5623388a4,52,163,false,Arbitrum,,2023-05-13 08:36:30.000,Aptos Bridge,BNB Chain,Harmony,2024-03-03 08:48:02.000,Harmony Bridge
0x9dd430bd575fd47c9b5174799a9925b8bafe4bbc,55.06,0x946aa68c8cd72d3d89ada2750ce4f8cc74a4a784,25,84,false,Arbitrum,,2023-05-13 09:28:48.000,Aptos Bridge,BNB Chain,Harmony,2024-03-03 09:46:23.000,Harmony Bridge
0x9e4751e0435a3925829daffca2379843ec5f866a,11.57,0xf9d01306f411d1a12942d0cb4395ea196930cb44,36,95,false,Arbitrum,,2023-05-13 09:10:44.000,Aptos Bridge,BNB Chain,Harmony,2024-03-02 20:43:20.000,Harmony Bridge
0x9f69a8425b0e750f10405aaa57621f89e570bab7,32.59,0x35193fdc77fa5cb36807637dc528c548b4048eaf,28,73,false,Arbitrum,,2023-05-13 08:46:37.000,Aptos Bridge,BNB Chain,Harmony,2024-03-03 10:17:51.000,Harmony Bridge
0x9f919d7c4f7c59524f45f50355718c773d8f8cd0,62.59,0x2efced316070d47b44608a6de38c4ab4048bd78d,30,133,false,Arbitrum,,2023-05-13 07:57:25.000,Aptos Bridge,BNB Chain,Harmony,2024-03-02 08:03:10.000,Harmony Bridge
0x9fe590076a672bb0a5d977aeaaa2da9928294d1b,43.22,0xc07028c179483a1f50a25a3271b6b19b5e34c21c,39,100,false,Arbitrum,,2023-05-13 09:06:00.000,Aptos Bridge,BNB Chain,Harmony,2024-03-03 11:48:57.000,Harmony Bridge
0xa0584b992dcf74df7ab5985bc5c06e6a6c8de96c,37.02,0x72f025b70d081dee917dd071fb474cc2f763a57f,36,131,false,Arbitrum,,2023-05-13 07:41:31.000,Aptos Bridge,BNB Chain,Harmony,2024-03-03 10:17:42.000,Harmony Bridge
0xa0acf2b39b9b7de9c5f18f07471b22895827d63f,55.51,0xbeef2ad332adacd833cde498b35814351801ecf9,20,86,false,Arbitrum,,2023-05-13 08:35:16.000,Aptos Bridge,BNB Chain,Harmony,2024-03-03 15:55:22.000,Harmony Bridge
0xa160ac173b2cc27f919393e2973690aa04b0270f,39.25,0x9a8b73e884fe6429f01ca96b7a6023ccc0f8e71e,34,135,false,Arbitrum,,2023-05-13 07:52:36.000,Aptos Bridge,BNB Chain,Harmony,2024-03-03 15:05:05.000,Harmony Bridge
0xa17d4f310cb594c2510d34d74079af592aa569de,36.81,0x74a42df92f4224b17c12f8830808cfb02bd4f912,34,98,false,Arbitrum,,2023-05-13 09:17:03.000,Aptos Bridge,BNB Chain,Harmony,2024-03-03 06:04:22.000,Harmony Bridge
0xa2e2fc0abcc60389602c2081d309e9878133cb5e,9.94,0x303b4b3876620021fc34e43e5e3c2f67b3141adb,7,73,false,Arbitrum,,2023-05-13 08:46:56.000,Aptos Bridge,BNB Chain,Harmony,2024-03-03 12:13:35.000,Harmony Bridge
0xa48db905338f8555f0eb498e60733a086f148251,45.57,0x14eeda644092b1ea87b8f19bc524b13f1d8afee1,32,113,false,Arbitrum,,2023-05-13 08:01:18.000,Aptos Bridge,BNB Chain,Harmony,2024-03-02 22:09:51.000,Harmony Bridge
0xa49832714a456e77f65851ee2433b545eab1f79f,51.39,0xc54251d2e3e083aafb75abfe276baa535ffb1085,35,88,false,Arbitrum,,2023-05-13 08:42:51.000,Aptos Bridge,BNB Chain,Harmony,2024-03-03 11:44:12.000,Harmony Bridge
0xa4a3d348d0474894d5f91d2d2a7e06140dfa5131,47.71,0x31579c4d107829d91af9c2a5fc707c04fc833ae2,30,89,false,Arbitrum,,2023-05-13 08:30:05.000,Aptos Bridge,BNB Chain,Harmony,2024-03-02 23:22:08.000,Harmony Bridge
0xa67b785fee9383cb41b46ea3ba72a383f62dc288,18.77,0xf06a9ff016e25e96c2aaab4b71e2be9880813f11,27,97,false,Arbitrum,,2023-05-13 09:13:54.000,Aptos Bridge,BNB Chain,Harmony,2024-03-02 23:59:43.000,Harmony Bridge
0xaa03f250fb74bca2c23ea4b43a28b2135b3bc0d0,50.69,0x9d1f2194dbb27241e45200e0bf48547baacfc426,35,140,false,Arbitrum,,2023-05-13 07:59:06.000,Aptos Bridge,BNB Chain,Harmony,2024-03-02 22:57:55.000,Harmony Bridge
0xaac8d44bc8a7640aa2f9e78d448cdabc2ad3eb14,33.89,0x6737c294e173aa76b9c3b70e78969fdeb1308498,34,95,false,Arbitrum,,2023-05-13 07:34:21.000,Aptos Bridge,BNB Chain,Harmony,2024-03-03 09:19:36.000,Harmony Bridge
0xabf9cd9a6c4748797d9f821c1609b1c82452ad96,79.67,0x14eeda644092b1ea87b8f19bc524b13f1d8afee1,35,133,false,Arbitrum,,2023-05-13 08:08:09.000,Aptos Bridge,BNB Chain,Harmony,2024-03-03 09:11:54.000,Harmony Bridge
0xace0fbc38fdb61ab493541e8f230da02ffb9cfcf,53.46,0x2d510c6307f3b4ebb1e2fe85ca7dc9b252ed3c50,40,80,false,Arbitrum,,2023-05-13 08:39:25.000,Aptos Bridge,BNB Chain,Harmony,2024-03-03 12:47:47.000,Harmony Bridge
0xad473ec74378d85abbef14fb3871d0130edce7dd,14.22,0xd8794713848433c7dd3ddf1b3da6aba2a71fc200,19,83,false,Arbitrum,,2023-05-13 09:18:38.000,Aptos Bridge,BNB Chain,Harmony,2024-03-02 10:14:30.000,Harmony Bridge
0xae7993b9e1535644dfc89ff4a84fee1eb6c8a3fa,19.04,0x9623a90e664947676b92dba5c33409d214adb855,19,80,false,Arbitrum,,2023-05-13 09:11:30.000,Aptos Bridge,BNB Chain,Harmony,2024-03-03 09:42:26.000,Harmony Bridge
0xaf53f3e83454f32e2b342b7174cebbb2b69cdf2e,52.65,0x9b380eb80cc3a3c24315b6a99d4eeaee28c1b4e5,37,142,false,Arbitrum,,2023-05-13 07:52:51.000,Aptos Bridge,BNB Chain,Harmony,2024-03-03 08:23:59.000,Harmony Bridge
0xb045f52f105fa6c2e19c1ce4f931398c6172b188,69.58,0x14d0cfde509eff7d4f8a57b016e0bb54f233191e,36,99,false,Arbitrum,,2023-05-13 08:39:35.000,Aptos Bridge,BNB Chain,Harmony,2024-03-02 20:15:56.000,Harmony Bridge
0xb2f70704693a8a72462ec6b0f75b39552251c798,72.41,0xc54251d2e3e083aafb75abfe276baa535ffb1085,39,93,false,Arbitrum,,2023-05-13 08:29:37.000,Aptos Bridge,BNB Chain,Harmony,2024-03-03 06:08:25.000,Harmony Bridge
0xb58c894ffafc4f057ce22af02c1fc128d7b4667e,34.85,0x468282eadbb2795a5b04d64ef51c40ca8a6d971e,29,95,false,Arbitrum,,2023-05-13 09:16:23.000,Aptos Bridge,BNB Chain,Harmony,2024-03-03 05:53:22.000,Harmony Bridge
0xb5cb367b685366fbe4598fd2e47f0a999a791b80,57.59,0x6addafbe45cd9f199f526517b2ed3c39519e6e19,35,74,false,Arbitrum,,2023-05-13 07:40:14.000,Aptos Bridge,BNB Chain,Harmony,2024-03-02 16:15:18.000,Harmony Bridge
0xb5f6770618ab94bb272209114b3876e5e744c658,46.42,0x495643067d23494ad84410769b7490623238fea3,36,91,false,Arbitrum,,2023-05-13 09:07:24.000,Aptos Bridge,BNB Chain,Harmony,2024-03-02 23:58:30.000,Harmony Bridge
0xb6e89d126c27b1d94d4a3771d5323e6df41c0eeb,11.87,0x5dc5fd84394c03fba8b943f80e1694ccc478fde3,24,61,false,Arbitrum,,2023-05-13 08:00:17.000,Aptos Bridge,BNB Chain,Harmony,2024-03-02 08:28:55.000,Harmony Bridge
0xb7b42d19701c81ff78752b60e38e0470674d2930,54.85,0xc54251d2e3e083aafb75abfe276baa535ffb1085,44,90,false,Arbitrum,,2023-05-13 08:28:14.000,Aptos Bridge,BNB Chain,Harmony,2024-03-03 07:17:25.000,Harmony Bridge
0xb8295a5abb37489c26e33eb59e1aac337c095cfd,16.42,0x2abcb18062ba8c501c21501f2f79956c7bebcc76,15,65,false,Arbitrum,,2023-05-13 08:28:30.000,Aptos Bridge,BNB Chain,Harmony,2024-03-03 09:24:00.000,Harmony Bridge
0xbd0ce7b82b88248a2fefdaf15cb62373dd84ddc9,13.92,0xe52f32f2464b688fb4dd34c407edbf95df6f9698,34,86,false,Arbitrum,,2023-05-13 09:14:06.000,Aptos Bridge,BNB Chain,Harmony,2024-03-03 07:01:19.000,Harmony Bridge
0xbda1e8423ba6267ab2efa336d7266425440fdfc2,54.76,0x114e97afb37252e3276a8fad317fc82433a3771a,56,133,false,Arbitrum,,2023-05-13 07:50:57.000,Aptos Bridge,BNB Chain,Harmony,2024-03-03 09:01:54.000,Harmony Bridge
0xbdce15c7730ce46a2dad52548f8d41a4fff0fc72,17.53,0x17470418d465c6e90ead4527833b5d179b5d1d5f,47,99,false,Arbitrum,,2023-05-13 09:20:03.000,Aptos Bridge,BNB Chain,Harmony,2024-03-03 12:46:44.000,Harmony Bridge
0xbeef2ad332adacd833cde498b35814351801ecf9,50.84,0xd5edf2a5b11ecc6c7b4554736de4fcd78ddd3451,28,85,false,Arbitrum,,2023-05-13 08:25:20.000,Aptos Bridge,BNB Chain,Harmony,2024-03-03 11:17:30.000,Harmony Bridge
0xbf27e48926468cc6d58cefc55660e712971b60a1,13.86,0x4faeb34138cf5c8b7da2692cae227ab6b40aadca,30,82,false,Arbitrum,,2023-05-13 09:20:32.000,Aptos Bridge,BNB Chain,Harmony,2024-03-03 10:48:51.000,Harmony Bridge
0xbf999e3162e82e4062207d416441144db68d8633,18.67,0xf228d906d3e719396d5d394f98dce43478439070,31,89,false,Arbitrum,,2023-05-13 09:27:38.000,Aptos Bridge,BNB Chain,Harmony,2024-03-03 10:52:45.000,Harmony Bridge
0xbff048694b59da7e1ebc816546af0462a5cecdff,10.48,0x20223ce2dfa3991340973ba8b3c106990f64e12e,9,69,false,Arbitrum,,2023-05-13 07:35:49.000,Aptos Bridge,BNB Chain,Harmony,2024-03-03 08:55:48.000,Harmony Bridge
0xbff3ec5a3b25cc1553e88a2ea54a57e5dea9d54f,57.02,0x11764f086fbe97f76b4201b32aba6dab4897df16,30,91,false,Arbitrum,,2023-05-13 08:06:45.000,Aptos Bridge,BNB Chain,Harmony,2024-03-03 03:52:36.000,Harmony Bridge
0xc07028c179483a1f50a25a3271b6b19b5e34c21c,43.64,0x9fe590076a672bb0a5d977aeaaa2da9928294d1b,39,103,false,Arbitrum,,2023-05-13 09:06:57.000,Aptos Bridge,BNB Chain,Harmony,2024-03-03 11:16:48.000,Harmony Bridge
0xc0bac28ba226e599a2777335b0391c6ff33e09ab,26.02,0xe0f4d5cbec81b7fab28afcc9317557bbdd8196ed,26,65,false,Arbitrum,,2023-05-13 08:00:45.000,Aptos Bridge,BNB Chain,Harmony,2024-03-02 23:58:39.000,Harmony Bridge
0xc3648bd515add6ffc01334ed39ad6d701772f60c,43.61,0x6791a226697fc00eae6b0bfb4da0773dc09f083e,40,113,false,Arbitrum,,2023-05-13 07:45:38.000,Aptos Bridge,BNB Chain,Harmony,2024-03-03 11:06:03.000,Harmony Bridge
0xc460494781fcf57dccbef18fb58605c5e170314d,64.10,0xa4a3d348d0474894d5f91d2d2a7e06140dfa5131,24,89,false,Arbitrum,,2023-05-13 08:31:00.000,Aptos Bridge,BNB Chain,Harmony,2024-03-02 20:21:44.000,Harmony Bridge
0xc4ad33092333ae1d3f33cc229f47ab7e08537693,21.63,0x7ff292895a5c2b9824a720453e18a57d12a4686f,33,139,false,Arbitrum,,2023-05-13 07:50:48.000,Aptos Bridge,BNB Chain,Harmony,2024-03-03 12:52:26.000,Harmony Bridge
0xc54251d2e3e083aafb75abfe276baa535ffb1085,79.88,0xb7b42d19701c81ff78752b60e38e0470674d2930,44,94,false,Arbitrum,,2023-05-13 08:30:29.000,Aptos Bridge,BNB Chain,Harmony,2024-03-02 12:08:40.000,Harmony Bridge
0xc68860c9b1d5ca81e1af330429fbd48ae0675f46,37.53,0x41f281ed9892a04dd0b209c9a289e177199fb8c7,28,86,false,Arbitrum,,2023-05-13 09:23:54.000,Aptos Bridge,BNB Chain,Harmony,2024-03-03 07:00:55.000,Harmony Bridge
0xc8999dc7dc020e3e9ba3d85b7830842d49b61491,29.31,0xbf999e3162e82e4062207d416441144db68d8633,27,87,false,Arbitrum,,2023-05-13 09:29:23.000,Aptos Bridge,BNB Chain,Harmony,2024-03-03 10:01:27.000,Harmony Bridge
0xc9c9f606961274ed68af7abc30ecb38fc67aabf8,17.65,0x9e4751e0435a3925829daffca2379843ec5f866a,31,96,false,Arbitrum,,2023-05-13 09:25:48.000,Aptos Bridge,BNB Chain,Harmony,2024-03-03 08:20:50.000,Harmony Bridge
0xcb63e098888a1296ec169f860775179f613a88e2,41.93,0xd10cfeffa43f600a039b6cb596bc46f5e6fb4204,33,84,false,Arbitrum,,2023-05-13 08:32:12.000,Aptos Bridge,BNB Chain,Harmony,2024-03-02 22:32:21.000,Harmony Bridge
0xcc271919871f7e645b33b69f708ad97d01e11cf0,77.68,0x462b19507e4a21d4e03e7525a87402bd1606fbcc,25,101,false,Arbitrum,,2023-05-13 08:23:13.000,Aptos Bridge,BNB Chain,Harmony,2024-03-03 15:37:17.000,Harmony Bridge
0xce027e3e0924ad275299fff9d4470eb62820a7eb,29.94,0x8d93bd580f31238422000087c5c71bf110dff1d8,23,98,false,Arbitrum,,2023-05-13 08:22:09.000,Aptos Bridge,BNB Chain,Harmony,2024-03-03 13:28:36.000,Harmony Bridge
0xcf071191f0cf062987166f6834a4e1d9fad85681,33.10,0xdfb8d74b547ba20999a7c113338cb4d3abe3e49c,29,108,false,Arbitrum,,2023-05-13 07:49:55.000,Aptos Bridge,BNB Chain,Harmony,2024-03-03 12:17:26.000,Harmony Bridge
0xcf89493b781c64e611066f987cbb2a6abcf8394c,44.22,0xfa917e69413053099bc840cce26729ea4bb5c1fb,36,110,false,Arbitrum,,2023-05-13 08:44:52.000,Aptos Bridge,BNB Chain,Harmony,2024-03-03 10:15:18.000,Harmony Bridge
0xd0508590e5da9b2be6bc30a0e36bf57078e25e37,19.52,0xf072c8fe6bd40b56506434571c1560279cecd021,30,137,false,Arbitrum,,2023-05-13 07:36:26.000,Aptos Bridge,BNB Chain,Harmony,2024-03-03 11:24:54.000,Harmony Bridge
0xd05e6e4993f2deced5fcd3d8435b527ca8780db1,24.28,0xff5796fdc6c2b8abd7268a7affcdf569d3658c78,52,140,false,Arbitrum,,2023-05-13 08:18:53.000,Aptos Bridge,BNB Chain,Harmony,2024-03-02 17:25:28.000,Harmony Bridge
0xd10cfeffa43f600a039b6cb596bc46f5e6fb4204,46.27,0xcb63e098888a1296ec169f860775179f613a88e2,33,80,false,Arbitrum,,2023-05-13 08:29:24.000,Aptos Bridge,BNB Chain,Harmony,2024-03-03 15:44:57.000,Harmony Bridge
0xd1f5c228fc1479537e9e9073e028a49f87c5645c,20.75,0x54878c06a4401bfb8d5fa5d5950772d3a931d14c,34,125,false,Arbitrum,,2023-05-13 09:15:04.000,Aptos Bridge,BNB Chain,Harmony,2024-03-03 14:04:57.000,Harmony Bridge
0xd2089d84d352b853cb579b21090996107434cd39,20.03,0xd0508590e5da9b2be6bc30a0e36bf57078e25e37,30,121,false,Arbitrum,,2023-05-13 07:35:33.000,Aptos Bridge,BNB Chain,Harmony,2024-03-03 15:58:37.000,Harmony Bridge
0xd21328c1a0701a2ee2c5671f584857325e689030,41.17,0xd9f1470d5dc81829e194fdee5abbb2561d41b35a,24,107,false,Arbitrum,,2023-05-13 07:36:16.000,Aptos Bridge,BNB Chain,Harmony,2024-03-03 09:37:27.000,Harmony Bridge
0xd25e064509a4b041c534d35780913461e9153478,41.54,0xd5cae8527954ec10f45ab33fd2377d8b0a766998,31,122,false,Arbitrum,,2023-05-13 07:56:58.000,Aptos Bridge,BNB Chain,Harmony,2024-03-03 11:25:33.000,Harmony Bridge
0xd47b66219e9b2c9671b1958f7f4b6a1324b94c9d,49.04,0x2b137b072c83c19daaef5f4008fd9f4e4d06ea27,30,111,false,Arbitrum,,2023-05-13 07:39:32.000,Aptos Bridge,BNB Chain,Harmony,2024-03-03 15:06:08.000,Harmony Bridge
0xd5086613354680e84380b9cf88ad9c0744c450f2,15.06,0xd8794713848433c7dd3ddf1b3da6aba2a71fc200,12,99,false,Arbitrum,,2023-05-13 07:45:31.000,Aptos Bridge,BNB Chain,Harmony,2024-03-03 08:21:53.000,Harmony Bridge
0xd5778146368150c42dced66a45ff59fbd767d452,37.38,0x9d1f2194dbb27241e45200e0bf48547baacfc426,37,167,false,Arbitrum,,2023-05-13 07:39:45.000,Aptos Bridge,BNB Chain,Harmony,2024-03-02 19:48:59.000,Harmony Bridge
0xd5cae8527954ec10f45ab33fd2377d8b0a766998,41.39,0xd25e064509a4b041c534d35780913461e9153478,31,71,false,Arbitrum,,2023-05-13 07:39:10.000,Aptos Bridge,BNB Chain,Harmony,2024-03-03 10:52:18.000,Harmony Bridge
0xd5dd82d72eb1b2c31b740cb400ba72c4bf5891e9,49.73,0x7c6637fb93de64ce5cd959af212cad754d023a43,27,83,false,Arbitrum,,2023-05-13 08:36:11.000,Aptos Bridge,BNB Chain,Harmony,2024-03-03 13:30:27.000,Harmony Bridge
0xd5edf2a5b11ecc6c7b4554736de4fcd78ddd3451,56.72,0x485066854513639fa50a6bafb90782bdfd2ff5e9,30,98,false,Arbitrum,,2023-05-13 08:29:08.000,Aptos Bridge,BNB Chain,Harmony,2024-03-03 14:47:06.000,Harmony Bridge
0xd6d7822c8287397725bfcc27876ee737b86976b0,20.39,0x946aa68c8cd72d3d89ada2750ce4f8cc74a4a784,27,79,false,Arbitrum,,2023-05-13 09:27:52.000,Aptos Bridge,BNB Chain,Harmony,2024-03-03 10:26:00.000,Harmony Bridge
0xd8794713848433c7dd3ddf1b3da6aba2a71fc200,14.88,0xbd0ce7b82b88248a2fefdaf15cb62373dd84ddc9,31,79,false,Arbitrum,,2023-05-13 09:12:57.000,Aptos Bridge,BNB Chain,Harmony,2024-03-03 09:49:35.000,Harmony Bridge
0xd8831dfb4855b9bd566b6b2133474040e9443178,50.12,0x86df9bf931b0f05a4d98391cf83c4250a7c102b4,66,133,false,Arbitrum,,2023-05-13 08:19:29.000,Aptos Bridge,BNB Chain,Harmony,2024-03-03 11:03:48.000,Harmony Bridge
0xd9f1470d5dc81829e194fdee5abbb2561d41b35a,44.64,0x64002bc689612736264ee5222a216df75a912788,28,86,false,Arbitrum,,2023-05-13 08:34:23.000,Aptos Bridge,BNB Chain,Harmony,2024-03-03 07:40:35.000,Harmony Bridge
0xdccbd0e63ce45178f1b8d456dcc0419304c5e981,52.08,0xd25e064509a4b041c534d35780913461e9153478,30,88,false,Arbitrum,,2023-05-13 08:06:59.000,Aptos Bridge,BNB Chain,Harmony,2024-03-03 08:36:32.000,Harmony Bridge
0xdde41272c07224c50676faae1d0e550f6e9bf91f,21.87,0xf5c47734542ff4a594cbe6a2d8d3bca35cc6bbe0,44,148,false,Arbitrum,,2023-05-13 08:34:07.000,Aptos Bridge,BNB Chain,Harmony,2024-03-03 14:49:18.000,Harmony Bridge
0xde6c755fb3a62ad19ec15f38d76490a5cd473385,68.46,0x2d510c6307f3b4ebb1e2fe85ca7dc9b252ed3c50,28,105,false,Arbitrum,,2023-05-13 08:23:24.000,Aptos Bridge,BNB Chain,Harmony,2024-03-03 15:07:38.000,Harmony Bridge
0xdfb8d74b547ba20999a7c113338cb4d3abe3e49c,33.95,0x2efced316070d47b44608a6de38c4ab4048bd78d,33,107,false,Arbitrum,,2023-05-13 07:43:13.000,Aptos Bridge,BNB Chain,Harmony,2024-03-03 10:49:09.000,Harmony Bridge
0xe0f4d5cbec81b7fab28afcc9317557bbdd8196ed,15.69,0xc0bac28ba226e599a2777335b0391c6ff33e09ab,26,134,false,Arbitrum,,2023-05-13 07:36:52.000,Aptos Bridge,BNB Chain,Harmony,2024-03-03 12:32:23.000,Harmony Bridge
0xe12159b1130d77af1341d4714032aa4bcbeabc85,20.63,0x946aa68c8cd72d3d89ada2750ce4f8cc74a4a784,28,90,false,Arbitrum,,2023-05-13 09:26:59.000,Aptos Bridge,BNB Chain,Harmony,2024-03-03 07:14:43.000,Harmony Bridge
0xe3e6086bf9d2254662ea6a175e85be9331fe22a7,34.16,0x498682f7ff033edc3cc84dfda331ad649d9b1721,25,81,false,Arbitrum,,2023-05-13 08:32:33.000,Aptos Bridge,BNB Chain,Harmony,2024-03-03 09:19:12.000,Harmony Bridge
0xe4569ff4bf0bb82a5cfa64ab90acd79aab02433e,57.17,0x11a4e9d1c74e15606f6c51c0f9826d4ccb82ad62,37,96,false,Arbitrum,,2023-05-13 08:36:18.000,Aptos Bridge,BNB Chain,Harmony,2024-03-03 07:47:38.000,Harmony Bridge
0xe5045e11aa0f864098777f7ec3fd557c2da3ff91,37.29,0x4a02db0eccc993bb05f187a758d4380ef3adef6d,19,69,false,Arbitrum,,2023-05-13 07:48:18.000,Aptos Bridge,BNB Chain,Harmony,2024-03-02 08:46:01.000,Harmony Bridge
0xe52f32f2464b688fb4dd34c407edbf95df6f9698,17.05,0xbd0ce7b82b88248a2fefdaf15cb62373dd84ddc9,34,87,false,Arbitrum,,2023-05-13 09:27:29.000,Aptos Bridge,BNB Chain,Harmony,2024-03-03 12:59:50.000,Harmony Bridge
0xe5f71d7b7b6e99c6f96ba6fd6a3fffa3cb1aa5ba,33.07,0x31686689a34c8f4cb673be32b81d65c58c744237,27,81,false,Arbitrum,,2023-05-13 09:25:28.000,Aptos Bridge,BNB Chain,Harmony,2024-03-03 09:57:35.000,Harmony Bridge
0xe66a3a4b9c5ee896168c079b3b2da9d1594908d6,34.28,0x462b19507e4a21d4e03e7525a87402bd1606fbcc,26,94,false,Arbitrum,,2023-05-13 07:47:43.000,Aptos Bridge,BNB Chain,Harmony,2024-03-03 14:58:50.000,Harmony Bridge
0xe805e43d69da36e9d65a754c066f3572ab662e20,55.36,0xc07028c179483a1f50a25a3271b6b19b5e34c21c,33,125,false,Arbitrum,,2023-05-13 09:21:29.000,Aptos Bridge,BNB Chain,Harmony,2024-03-03 12:05:26.000,Harmony Bridge
0xe8b6248da92a3f4e999d113a05f7bc75fa36ace4,56.51,0x86df9bf931b0f05a4d98391cf83c4250a7c102b4,36,142,false,Arbitrum,,2023-05-13 08:21:56.000,Aptos Bridge,BNB Chain,Harmony,2024-03-03 10:02:54.000,Harmony Bridge
0xe8b973c831aa2d4576aed1de9f667494e9355757,59.34,0x190f98e493caea27305de268f23174ab6a1eb3ce,28,94,false,Arbitrum,,2023-05-13 07:54:22.000,Aptos Bridge,BNB Chain,Harmony,2024-03-03 08:10:59.000,Harmony Bridge
0xe9b788bebc2f1cf68fd247a0998146ab216bfa1d,27.38,0x0b778606749d64b02555db28c3945967ee98467f,26,78,false,Arbitrum,,2023-05-13 09:06:39.000,Aptos Bridge,BNB Chain,Harmony,2024-03-03 08:59:36.000,Harmony Bridge
0xea66b13743293d5fd10807b51d83197abbe3fd5e,54.67,0x7e57de216aec6874baf5ed0e2044addb2ff34646,46,138,false,Arbitrum,,2023-05-13 07:56:05.000,Aptos Bridge,BNB Chain,Harmony,2024-03-02 19:03:53.000,Harmony Bridge
0xeab2a8597a17f9f235813f035eacc8cae4d9eb8a,38.04,0x70aaeaf601953de04a45236fe6765a5d9a0d0129,27,103,false,Arbitrum,,2023-05-13 08:44:13.000,Aptos Bridge,BNB Chain,Harmony,2024-03-03 11:02:45.000,Harmony Bridge
0xeb268aca0fc5457bbf3b6ba7a8d9d6ba6928dbac,43.46,0x49ec41b0be196529416e30ea1f608c6b6b6ea848,57,143,false,Arbitrum,,2023-05-13 08:41:15.000,Aptos Bridge,BNB Chain,Harmony,2024-03-03 15:14:56.000,Harmony Bridge
0xeb82eeb667332a732803ebfd0a803fd79e894ef1,85.18,0x6202e2a4510b69929e9b69734a773cddd802b606,32,83,false,Arbitrum,,2023-05-13 08:07:18.000,Aptos Bridge,BNB Chain,Harmony,2024-03-03 06:19:10.000,Harmony Bridge
0xed25c99a04a5e1e398003709476481f5b9d60e1c,13.95,0x2a3b341af495f58aa4b8a7646e98546d62afd37b,25,70,false,Arbitrum,,2023-05-13 09:09:31.000,Aptos Bridge,BNB Chain,Harmony,2024-03-02 14:05:01.000,Harmony Bridge
0xed508b655797206caec48e3bcc656eb7b05f2735,50.36,0x9909badfcc645b179fc3a0b99bd0e19289622d56,19,84,false,Arbitrum,,2023-05-13 07:53:50.000,Aptos Bridge,BNB Chain,Harmony,2024-03-03 10:32:10.000,Harmony Bridge
0xed6dbf44767a568d3b5af147ef1255cf6c4cb82d,47.32,0x69d1be401dbe7b7166696ce5f12717326aa133e7,47,163,false,Arbitrum,,2023-05-13 08:37:46.000,Aptos Bridge,BNB Chain,Harmony,2024-03-03 09:30:39.000,Harmony Bridge
0xeea801cda659e28b8191af7e1e4f80d04c05733c,19.61,0xe9b788bebc2f1cf68fd247a0998146ab216bfa1d,15,78,false,Arbitrum,,2023-05-13 09:12:21.000,Aptos Bridge,BNB Chain,Harmony,2024-03-03 10:12:54.000,Harmony Bridge
0xef1b17d5e3ffbc2b951229ece6cdf8012dcb3def,17.68,0x07e65b04afb908becb6a2937b7d2d7a99312b399,14,87,false,Arbitrum,,2023-05-13 07:43:41.000,Aptos Bridge,BNB Chain,Harmony,2024-03-03 07:15:04.000,Harmony Bridge
0xef8730b0948f6f6ba90cb9b4e62460195dc555a5,31.66,0x0b778606749d64b02555db28c3945967ee98467f,19,82,false,Arbitrum,,2023-05-13 09:09:09.000,Aptos Bridge,BNB Chain,Harmony,2024-03-03 13:00:20.000,Harmony Bridge
0xf06a9ff016e25e96c2aaab4b71e2be9880813f11,36.72,0xf898a890c2573dca884d7d9c67a22097f8fa56a7,28,99,false,Arbitrum,,2023-05-13 09:13:10.000,Aptos Bridge,BNB Chain,Harmony,2024-03-03 14:02:06.000,Harmony Bridge
0xf072c8fe6bd40b56506434571c1560279cecd021,48.10,0x68bf3b73cc75d49f753197ef72c110c9c6286cd4,47,135,false,Arbitrum,,2023-05-13 08:20:55.000,Aptos Bridge,BNB Chain,Harmony,2024-03-03 09:41:31.000,Harmony Bridge
0xf20d5c72943b311f695f59a3cfba8c47de7f39b3,27.08,0x670fbb0889c55fec05b4422216cb065b072c1da4,35,147,false,Arbitrum,,2023-05-13 08:27:47.000,Aptos Bridge,BNB Chain,Harmony,2024-03-03 11:04:12.000,Harmony Bridge
0xf228d906d3e719396d5d394f98dce43478439070,34.61,0xbf999e3162e82e4062207d416441144db68d8633,31,88,false,Arbitrum,,2023-05-13 09:24:56.000,Aptos Bridge,BNB Chain,Harmony,2024-03-03 13:34:00.000,Harmony Bridge
0xf304d10c67bc8ce8e3df555cb3625c9b09ee90cb,19.40,0x6aefa8f2534b198b30bd49b4c7d73a7f4c4db531,39,95,false,Arbitrum,,2023-05-13 09:06:50.000,Aptos Bridge,BNB Chain,Harmony,2024-03-03 12:48:20.000,Harmony Bridge
0xf5c47734542ff4a594cbe6a2d8d3bca35cc6bbe0,22.47,0xdde41272c07224c50676faae1d0e550f6e9bf91f,44,120,false,Arbitrum,,2023-05-13 08:34:16.000,Aptos Bridge,BNB Chain,Harmony,2024-03-03 14:12:03.000,Harmony Bridge
0xf618d159c470893b410a980209a04d33d4f2f726,16.99,0x2abcb18062ba8c501c21501f2f79956c7bebcc76,12,67,false,Arbitrum,,2023-05-13 09:13:42.000,Aptos Bridge,BNB Chain,Harmony,2024-03-02 12:12:07.000,Harmony Bridge
0xf80c3b9e340d40af55ba8594d2745e89d8047c45,19.91,0x2ec7e82aa2689db689fc62417691088e45328f5e,11,79,false,Arbitrum,,2023-05-13 07:57:50.000,Aptos Bridge,BNB Chain,Harmony,2024-03-03 08:09:20.000,Harmony Bridge
0xf858d9c9563111b5c247c227f8ab76911307f362,13.01,0x5709b3aabde465798383f9d0f87d158b106dc5a8,30,109,false,Arbitrum,,2023-05-13 08:19:05.000,Aptos Bridge,BNB Chain,Harmony,2024-03-03 13:49:03.000,Harmony Bridge
0xf898a890c2573dca884d7d9c67a22097f8fa56a7,19.88,0x6c1e8f45a340eafa6757f8ed9963f3074558d503,28,84,false,Arbitrum,,2023-05-13 09:08:47.000,Aptos Bridge,BNB Chain,Harmony,2024-03-03 00:36:52.000,Harmony Bridge
0xf9d01306f411d1a12942d0cb4395ea196930cb44,11.45,0x8e29e7a1224c62a82a1eb6428aab4b5143d7e484,40,92,false,Arbitrum,,2023-05-13 09:24:30.000,Aptos Bridge,BNB Chain,Harmony,2024-03-03 10:00:39.000,Harmony Bridge
0xfa917e69413053099bc840cce26729ea4bb5c1fb,50.18,0xcf89493b781c64e611066f987cbb2a6abcf8394c,36,143,false,Arbitrum,,2023-05-13 07:46:21.000,Aptos Bridge,BNB Chain,Harmony,2024-03-03 12:38:59.000,Harmony Bridge
0xfa9e50cfdfb31c3908b495f51ca4bc97d65b9b44,42.98,0xd8831dfb4855b9bd566b6b2133474040e9443178,28,122,false,Arbitrum,,2023-05-13 07:34:43.000,Aptos Bridge,BNB Chain,Harmony,2024-03-02 23:43:51.000,Harmony Bridge
0xfab8ee19135d52f4790ba974dea4542399a35201,21.17,0xf228d906d3e719396d5d394f98dce43478439070,27,86,false,Arbitrum,,2023-05-13 09:29:55.000,Aptos Bridge,BNB Chain,Harmony,2024-03-03 14:34:21.000,Harmony Bridge
0xfbb9887b30dd676451461466f13af1ada5048881,38.49,0x8339f2c5c06ef1e1d29da4a0308c971a80fa48ec,43,149,false,Arbitrum,,2023-05-13 08:16:14.000,Aptos Bridge,BNB Chain,Harmony,2024-03-03 11:14:42.000,Harmony Bridge
0xfd087557a08387320bfa0882f501c69ca06f0c88,54.49,0x1fc9e3b2a6dc317f0d58a753b2550d8e335552ea,59,140,false,Arbitrum,,2023-05-13 08:07:58.000,Aptos Bridge,BNB Chain,Harmony,2024-03-03 15:36:14.000,Harmony Bridge
0xff30a07f6945b4f12d79747b4fe781e9644b62cb,70.57,0x7c6637fb93de64ce5cd959af212cad754d023a43,32,83,false,Arbitrum,,2023-05-13 08:00:03.000,Aptos Bridge,BNB Chain,Harmony,2024-03-03 06:49:25.000,Harmony Bridge
0xff5796fdc6c2b8abd7268a7affcdf569d3658c78,22.41,0xd05e6e4993f2deced5fcd3d8435b527ca8780db1,52,160,false,Arbitrum,,2023-05-13 07:50:40.000,Aptos Bridge,BNB Chain,Harmony,2024-03-02 12:34:34.000,Harmony Bridge
0xff9ec31bb527ec02a03331794f8fd65f2b87aa35,39.22,0x474969f10ceadfea1eb4260e6bf1e7a680ddf29d,23,82,false,Arbitrum,,2023-05-13 08:33:20.000,Aptos Bridge,BNB Chain,Harmony,2024-03-03 09:47:26.000,Harmony Bridge
0xffa50bba35beffbc84d74c7c2a102ba6bc246ffa,24.97,0x94da1548ae89edd1915c12a60529f15ac8b34543,21,66,false,Arbitrum,,2023-05-13 08:01:31.000,Aptos Bridge,BNB Chain,Harmony,2024-03-03 00:09:22.000,Harmony Bridge
0xffa5b5bc74115fda12315cf6e5e21ef58d94e88b,69.10,0x35d3fda6a304b72e930b536001a06044f305793f,33,93,false,Arbitrum,,2023-05-13 08:41:02.000,Aptos Bridge,BNB Chain,Harmony,2024-03-02 22:05:21.000,Harmony Bridge