User Address,NB TX,NATIVE DROP,STARGATE SWAP,src | dest | contract,day | week | month,Initial Active Date,Last Active Date,isSybil
0x01b8982cd001fa208213da263db6842d6dc7fdb0,69,1.04,4622.69,11 | 13 | 8,11 | 6 | 4,2023-05-13,2024-03-03,false
0x028c0aa7c77b0238fe985de24f351ba48bc27722,91,1.26,425.09,13 | 14 | 8,16 | 9 | 5,2023-05-13,2024-03-03,false
0x02d941f4f74e850823706566c5335863d70dd079,116,1.35,1017.02,12 | 17 | 9,19 | 11 | 5,2023-05-13,2024-03-03,false
0x0604e29604008679d9dcacd2757a3e32515611dd,88,1.14,1015.62,12 | 13 | 9,16 | 9 | 5,2023-05-13,2024-03-03,false
0x068083ab11ee7af53e16b40b87ccdd65c45e597d,89,0.94,1044.85,12 | 17 | 9,15 | 8 | 5,2023-05-13,2024-03-03,false
0x07e65b04afb908becb6a2937b7d2d7a99312b399,84,1.12,972.46,12 | 15 | 8,17 | 8 | 5,2023-05-13,2024-03-02,false
0x0b778606749d64b02555db28c3945967ee98467f,83,1.35,1371.15,12 | 15 | 8,16 | 8 | 5,2023-05-13,2024-03-03,false
0x0c5c1f2c471bd4f959352d1e9e92fc0f55618175,81,1.04,3117.86,11 | 14 | 8,20 | 10 | 5,2023-05-13,2024-03-03,false
0x0cab16d492758c9e6bb8cdd700afd7d2fdf8c172,100,0.96,975.74,12 | 17 | 9,20 | 11 | 5,2023-05-13,2024-03-03,false
0x0d6c5f3a1ed8766457301eb74cdf3831b361eb64,95,1.21,1043.32,13 | 16 | 9,18 | 10 | 5,2023-05-13,2024-03-03,false
0x0dcf737035d700c5285acd3a70fe6ccf9585cb23,91,1.24,999.60,13 | 15 | 9,19 | 10 | 5,2023-05-13,2024-03-02,false
0x0e2003448c66866be1292fad706924bb2f36c4b3,53,1.24,2428.42,11 | 15 | 7,14 | 9 | 5,2023-05-13,2024-03-03,false
0x0ea577ef973a99f033819439581844315028be54,132,1.40,2447.03,13 | 17 | 9,25 | 11 | 5,2023-05-13,2024-03-03,false
0x0f82e2538d4b7ca894a69343dbb65bf96d1d4284,80,1.38,1039.38,12 | 16 | 8,21 | 9 | 5,2023-05-13,2024-03-03,false
0x0fb58692bceff407e9cfa9b7bfddeb219349837a,91,1.12,2213.28,13 | 14 | 8,14 | 10 | 5,2023-05-13,2024-03-02,false
0x0fc2a45ec9d75796e14c6f68f5f6f64e26f3c5c5,154,1.07,4270.72,13 | 17 | 9,19 | 10 | 5,2023-05-13,2024-03-03,false
0x114e97afb37252e3276a8fad317fc82433a3771a,136,1.36,3041.40,13 | 15 | 9,19 | 12 | 5,2023-05-13,2024-03-03,false
0x11764f086fbe97f76b4201b32aba6dab4897df16,80,1.05,929.87,13 | 14 | 8,13 | 7 | 4,2023-05-13,2024-03-03,false
0x11a4e9d1c74e15606f6c51c0f9826d4ccb82ad62,89,1.17,2504.13,13 | 13 | 8,14 | 8 | 5,2023-05-13,2024-03-02,false
0x12a9f4792e47629b2cc41d947537c148edf4b83f,124,1.19,925.68,12 | 17 | 9,20 | 10 | 5,2023-05-13,2024-03-03,false
0x14d0cfde509eff7d4f8a57b016e0bb54f233191e,91,1.13,4454.86,12 | 13 | 8,15 | 8 | 4,2023-05-13,2024-03-03,false
0x14eeda644092b1ea87b8f19bc524b13f1d8afee1,129,1.52,1416.42,13 | 14 | 8,18 | 9 | 5,2023-05-13,2024-03-03,false
0x1622fbb8c2162100ea962f5b1450bc75ffdf0381,101,1.24,2159.61,12 | 16 | 9,19 | 11 | 5,2023-05-13,2024-03-03,false
0x17470418d465c6e90ead4527833b5d179b5d1d5f,89,1.10,1343.07,12 | 16 | 9,17 | 9 | 5,2023-05-13,2024-03-03,false
0x17c03690dc4d3241dd0d5bb3736709a4469fc3c0,78,1.15,1288.56,12 | 16 | 8,14 | 6 | 5,2023-05-13,2024-03-03,false
0x190f98e493caea27305de268f23174ab6a1eb3ce,73,0.82,1492.05,11 | 14 | 8,13 | 7 | 5,2023-05-13,2024-03-03,false
0x1a8d43813e3371f831fcc8d380dd840670683921,143,1.18,3495.61,13 | 17 | 9,20 | 10 | 5,2023-05-13,2024-03-03,false
0x1c87c350471b3925739b061916461c982576600b,102,1.38,972.07,12 | 15 | 9,21 | 12 | 5,2023-05-13,2024-03-03,false
0x1d7246dc0939e9b1a12fa6bd0cc927759110e25e,102,1.27,2180.36,13 | 16 | 9,19 | 11 | 5,2023-05-13,2024-03-03,false
0x1d9e72fb3b5409342be4cbe8e9a1ac3e4817c22e,141,1.17,2196.96,13 | 18 | 9,20 | 11 | 5,2023-05-13,2024-03-03,false
0x1ddce26b19847dfb404e5e95f5498deff235f6b2,93,1.31,681.16,13 | 16 | 9,14 | 8 | 5,2023-05-13,2024-03-03,false
0x1fc9e3b2a6dc317f0d58a753b2550d8e335552ea,146,1.19,3045.11,13 | 17 | 9,18 | 9 | 5,2023-05-13,2024-03-03,false
0x20223ce2dfa3991340973ba8b3c106990f64e12e,69,1.33,1026.09,12 | 13 | 7,15 | 11 | 5,2023-05-13,2024-03-03,false
0x20fea930a0ad2490f3565f773e0ecee634e8a5d1,80,0.99,3531.16,13 | 13 | 8,16 | 8 | 5,2023-05-13,2024-03-03,false
0x27878e7d40b608ccdecf501306cc33723545d674,88,0.94,1120.95,12 | 17 | 9,17 | 10 | 5,2023-05-13,2024-03-03,false
0x2a3b341af495f58aa4b8a7646e98546d62afd37b,72,1.03,1294.41,11 | 15 | 7,18 | 8 | 5,2023-05-13,2024-03-03,false
0x2abcb18062ba8c501c21501f2f79956c7bebcc76,85,1.11,1806.78,12 | 18 | 8,20 | 8 | 5,2023-05-13,2024-03-02,false
0x2b137b072c83c19daaef5f4008fd9f4e4d06ea27,122,1.24,1015.61,13 | 17 | 9,21 | 11 | 5,2023-05-13,2024-03-03,false
0x2cc35e24b4575a0fd40c0593202ae6694fa4350f,91,1.63,1023.98,13 | 15 | 8,14 | 10 | 5,2023-05-13,2024-03-02,false
0x2cc7ccf2a1ae5906a05898557c10be14290d50e5,65,1.20,452.34,12 | 14 | 7,14 | 9 | 5,2023-05-13,2024-03-03,false
0x2d47a98762db98e0b3e4fb833edf9c189e8cf569,100,1.01,4246.99,13 | 15 | 9,16 | 8 | 5,2023-05-13,2024-03-03,false
0x2d510c6307f3b4ebb1e2fe85ca7dc9b252ed3c50,104,1.35,1764.04,12 | 15 | 9,17 | 10 | 5,2023-05-13,2024-03-03,false
0x2e2d2909071bb07824a4be12a862e4d688f3ae7d,156,1.08,2477.98,12 | 18 | 9,21 | 10 | 5,2023-05-13,2024-03-03,false
0x2ec7e82aa2689db689fc62417691088e45328f5e,71,1.10,1344.59,12 | 16 | 8,16 | 10 | 5,2023-05-13,2024-03-03,false
0x2efced316070d47b44608a6de38c4ab4048bd78d,96,1.31,1550.06,13 | 16 | 9,17 | 9 | 5,2023-05-13,2024-03-03,false
0x2f6110a01a4890d92d80013bb6d47e76b45b5ddf,81,1.13,931.83,13 | 14 | 8,18 | 8 | 5,2023-05-13,2024-03-03,false
0x2f822afbef932823953797da5c9573fb2da81fd7,90,1.02,3100.88,13 | 14 | 8,17 | 7 | 5,2023-05-13,2024-03-03,false
0x303b4b3876620021fc34e43e5e3c2f67b3141adb,64,1.07,1123.14,11 | 15 | 8,18 | 8 | 4,2023-05-13,2024-03-03,false
0x30bedb63a7968b82c1355dc073e7aacbd51616a5,93,1.68,1124.39,12 | 17 | 8,21 | 10 | 5,2023-05-13,2024-03-03,false
0x31579c4d107829d91af9c2a5fc707c04fc833ae2,94,1.34,2216.21,13 | 13 | 8,19 | 9 | 5,2023-05-13,2024-03-02,false
0x31686689a34c8f4cb673be32b81d65c58c744237,91,1.27,1116.54,13 | 15 | 8,16 | 10 | 5,2023-05-13,2024-03-03,false
0x3466da099051c3cd1d9ee8654f586f90d684b8e0,89,1.18,3077.12,13 | 14 | 8,14 | 7 | 5,2023-05-13,2024-03-03,false
0x35193fdc77fa5cb36807637dc528c548b4048eaf,79,0.85,1019.52,12 | 14 | 8,14 | 8 | 5,2023-05-13,2024-03-03,false
0x35d3fda6a304b72e930b536001a06044f305793f,91,1.08,3392.46,13 | 14 | 8,15 | 6 | 5,2023-05-13,2024-03-02,false
0x365f3f96045bbaf54875111f86de998f093de2e6,107,1.37,1562.88,12 | 17 | 9,17 | 10 | 5,2023-05-13,2024-03-03,false
0x38401e25542070703b1077cde460c026861818c9,88,1.39,2509.10,12 | 16 | 9,16 | 11 | 5,2023-05-13,2024-03-03,false
0x38f90cd04f48ad3d51456e219fe03dd7afeca2ce,97,1.28,1040.97,13 | 18 | 9,16 | 10 | 5,2023-05-13,2024-03-02,false
0x3c3e95f5470d412c6a2d52c75c76ee1b598af010,135,1.30,3236.06,12 | 14 | 8,17 | 8 | 5,2023-05-13,2024-03-03,false
0x3dbaa695a35bced6ee63e961d5436fe49a62ec1e,110,1.53,2058.09,12 | 15 | 8,21 | 10 | 5,2023-05-13,2024-03-03,false
0x3ea5d0b9d8f82a47ec67966ee02bcaf3a4ea1584,74,1.21,1339.38,12 | 15 | 8,17 | 9 | 5,2023-05-13,2024-03-03,false
0x3fb7ea3d1118a9ebd993675abcd4b43dd55aa683,76,0.83,3319.91,10 | 13 | 8,16 | 7 | 5,2023-05-13,2024-03-03,false
0x4093e4446f31889b5cef1e05efce1ff238bb0ee8,160,1.25,2051.92,13 | 17 | 9,24 | 11 | 5,2023-05-13,2024-03-03,false
0x41f281ed9892a04dd0b209c9a289e177199fb8c7,89,1.02,1324.48,12 | 15 | 8,17 | 10 | 5,2023-05-13,2024-03-03,false
0x420bc12481ff15856c4a6f3c8e6f6876fb6d6072,113,1.30,1546.42,13 | 18 | 9,16 | 8 | 5,2023-05-13,2024-03-03,false
0x4604502bdca5c844d6c2f2e7335abfe67a00b80c,61,0.81,1553.40,10 | 14 | 8,14 | 7 | 5,2023-05-13,2024-03-03,false
0x462b19507e4a21d4e03e7525a87402bd1606fbcc,79,1.05,1435.44,13 | 14 | 8,10 | 5 | 4,2023-05-13,2024-03-02,false
0x468282eadbb2795a5b04d64ef51c40ca8a6d971e,105,1.39,1601.73,12 | 15 | 8,20 | 9 | 5,2023-05-13,2024-03-03,false
0x46fc60c0c9e8f68aef4852a59801f19a70c8be26,76,0.98,1561.28,12 | 13 | 8,13 | 8 | 5,2023-05-13,2024-03-03,false
0x474969f10ceadfea1eb4260e6bf1e7a680ddf29d,195,1.26,4595.63,13 | 17 | 9,23 | 11 | 5,2023-05-13,2024-03-03,false
0x485066854513639fa50a6bafb90782bdfd2ff5e9,91,0.97,3389.49,13 | 14 | 8,14 | 8 | 5,2023-05-13,2024-03-03,false
0x49203f4e2f67f1a47fb9520a6aee906bfb1ec7a9,104,1.32,1622.38,12 | 15 | 9,24 | 11 | 5,2023-05-13,2024-03-03,false
0x495643067d23494ad84410769b7490623238fea3,80,1.11,458.45,13 | 14 | 8,10 | 7 | 5,2023-05-13,2024-03-02,false
0x498682f7ff033edc3cc84dfda331ad649d9b1721,89,1.17,3419.76,12 | 14 | 8,16 | 10 | 5,2023-05-13,2024-03-03,false
0x49ec41b0be196529416e30ea1f608c6b6b6ea848,141,1.18,2434.26,13 | 17 | 9,18 | 11 | 5,2023-05-13,2024-03-02,false
0x4a02db0eccc993bb05f187a758d4380ef3adef6d,78,0.83,1470.36,12 | 14 | 9,13 | 9 | 5,2023-05-13,2024-03-03,false
0x4a3011e82fa10b03efedd88532236bc8da017219,86,1.04,1334.94,13 | 16 | 9,19 | 10 | 5,2023-05-13,2024-03-03,false
0x4a9230bdd040d50791d06402d4584ab7d94ea08a,49,0.84,340.19,8 | 11 | 8,12 | 7 | 5,2023-05-13,2024-03-03,false
0x4b6670c4a11842f06b377861c7375d9e21544cb2,85,1.18,1077.72,12 | 17 | 8,17 | 10 | 5,2023-05-13,2024-03-03,false
0x4dbec7f2d1c2b6d50513d75dc769b4bd8aa24cd3,99,0.99,4543.90,13 | 15 | 8,13 | 8 | 5,2023-05-13,2024-03-02,false
0x4e13bbff1a639fd382e1c3a37f8b667f924aa9b2,113,1.38,1021.60,13 | 17 | 9,20 | 10 | 5,2023-05-13,2024-03-03,false
0x4ea2cd06332cf5576dd219778b756c336fba7bd8,168,1.33,1622.08,12 | 17 | 9,20 | 10 | 5,2023-05-13,2024-03-03,false
0x4faeb34138cf5c8b7da2692cae227ab6b40aadca,80,1.39,973.91,11 | 15 | 8,22 | 12 | 5,2023-05-13,2024-03-03,false
0x502b42f83b4d3a68e5cc54f1597c8ad5f32c8984,116,1.43,1768.36,13 | 17 | 9,23 | 11 | 5,2023-05-13,2024-03-03,false
0x52475bb7eddce04acd857ad56e5427f660829f3a,73,1.36,1123.55,12 | 13 | 8,18 | 9 | 5,2023-05-13,2024-03-03,false
0x536a8fc6d0ad0478a2652d030cefcc9b4e62be02,77,1.05,2532.79,13 | 14 | 8,10 | 5 | 4,2023-05-13,2024-03-03,false
0x54878c06a4401bfb8d5fa5d5950772d3a931d14c,148,1.18,1294.08,11 | 18 | 9,19 | 10 | 5,2023-05-13,2024-03-03,false
0x54aa2ca7539a84ccf9f0da2b0fb97a01e4d4be5b,91,1.23,978.61,13 | 14 | 8,16 | 9 | 5,2023-05-13,2024-03-03,false
0x54b55bd4667e3788dbedc8a79deb8a9a64f7cfaa,64,1.04,1564.72,11 | 14 | 8,10 | 6 | 4,2023-05-13,2024-03-02,false
0x569b74e0031b62cc78f09669a8a4db644b25d49e,85,1.11,1079.72,13 | 16 | 9,18 | 9 | 5,2023-05-13,2024-03-03,false
0x5709b3aabde465798383f9d0f87d158b106dc5a8,112,1.37,2050.68,12 | 17 | 9,22 | 10 | 5,2023-05-13,2024-03-03,false
0x577607f29478867712b69c5b0fca72c489174416,124,1.46,1793.93,12 | 16 | 9,21 | 11 | 5,2023-05-13,2024-03-02,false
0x57b1b23a1204b51ee2c4c8bfd02f7040d76e7dff,79,1.05,1352.69,12 | 14 | 8,14 | 9 | 5,2023-05-13,2024-03-03,false
0x57ea1ec73cd71539feecb70e84a9b7129dc64269,102,1.01,1692.90,12 | 16 | 9,19 | 10 | 5,2023-05-13,2024-03-03,false
0x5829809b76a5f69004cee2e8015845b85f4e379a,78,0.84,3281.92,11 | 14 | 8,18 | 8 | 5,2023-05-13,2024-03-03,false
0x593c51538b713cb499796605e14fd30d6495b417,121,1.26,2481.70,13 | 18 | 9,22 | 9 | 5,2023-05-13,2024-03-03,false
0x599d1edabfa820e6b16e7ce47525a780a84b9ae0,121,1.14,2371.82,13 | 17 | 9,22 | 10 | 5,2023-05-13,2024-03-03,false
0x5a4f2a9125908ed5b83a0c629774868d14818de9,119,1.31,1542.00,12 | 17 | 9,24 | 11 | 5,2023-05-13,2024-03-03,false
0x5b07659952fd1070acf30eeb90f8da8206a532e3,99,1.07,1388.27,12 | 14 | 9,19 | 10 | 5,2023-05-13,2024-03-03,false
0x5dc5fd84394c03fba8b943f80e1694ccc478fde3,139,1.16,1840.89,12 | 14 | 8,13 | 7 | 5,2023-05-13,2024-03-02,false
0x5fa94f0020540e228c8c81a38ac32d9dcbefa29f,71,0.91,816.38,11 | 13 | 8,16 | 9 | 5,2023-05-13,2024-03-02,false
0x60ab2fafc444a1e3c17859048692fd773dac6fe9,164,1.17,4231.51,12 | 16 | 9,25 | 12 | 5,2023-05-13,2024-03-03,false
0x61e78cc17f2ff618b776fa02a4e1b400855cda0a,73,1.17,3173.24,12 | 14 | 8,13 | 8 | 5,2023-05-13,2024-03-03,false
0x6202e2a4510b69929e9b69734a773cddd802b606,105,1.36,2470.77,12 | 15 | 9,16 | 10 | 5,2023-05-13,2024-03-03,false
0x623e2b539379b0a80795fbdc91d59cadce31db8c,153,1.03,3446.86,13 | 17 | 9,17 | 7 | 5,2023-05-13,2024-03-03,false
0x63a4061e4f3b8c5956eb18bc3124e59a4af117bd,99,1.37,853.27,13 | 14 | 9,22 | 9 | 5,2023-05-13,2024-03-03,false
0x64002bc689612736264ee5222a216df75a912788,126,1.09,1696.66,13 | 18 | 9,19 | 10 | 5,2023-05-13,2024-03-03,false
0x657c7f3fdccb41a895ec532e0d660107cbcbdd9d,99,1.09,1062.80,13 | 17 | 9,19 | 10 | 5,2023-05-13,2024-03-03,false
0x670fbb0889c55fec05b4422216cb065b072c1da4,176,1.19,3105.30,13 | 16 | 9,19 | 9 | 5,2023-05-13,2024-03-03,false
0x6737c294e173aa76b9c3b70e78969fdeb1308498,91,1.24,1695.97,11 | 15 | 9,16 | 8 | 5,2023-05-13,2024-03-03,false
0x6785d8e96e66e82e9d1427ec13049c0071ce5362,145,1.29,1548.49,13 | 17 | 9,19 | 11 | 5,2023-05-13,2024-03-03,false
0x6791a226697fc00eae6b0bfb4da0773dc09f083e,114,1.33,1617.16,12 | 17 | 9,22 | 10 | 5,2023-05-13,2024-03-03,false
0x685de20fd5e11a60fe8612ccd4b73ee7c063c626,88,1.19,1121.84,13 | 14 | 8,17 | 9 | 5,2023-05-13,2024-03-03,false
0x68bf3b73cc75d49f753197ef72c110c9c6286cd4,153,1.24,1736.63,13 | 17 | 9,26 | 12 | 5,2023-05-13,2024-03-03,false
0x69d1be401dbe7b7166696ce5f12717326aa133e7,138,1.40,2180.38,13 | 14 | 8,25 | 12 | 5,2023-05-13,2024-03-03,false
0x6a4a4210180f8491163ab248d7243ab19bbec3ef,144,1.65,3173.12,13 | 14 | 8,22 | 11 | 5,2023-05-13,2024-03-03,false
0x6addafbe45cd9f199f526517b2ed3c39519e6e19,93,1.04,2289.32,12 | 16 | 8,18 | 11 | 5,2023-05-13,2024-03-03,false
0x6aefa8f2534b198b30bd49b4c7d73a7f4c4db531,87,1.20,699.76,12 | 13 | 8,14 | 8 | 5,2023-05-13,2024-03-03,false
0x6b10a148f7236f761c167038a5a13cd0010cfb6b,81,1.00,2421.12,12 | 14 | 8,13 | 7 | 5,2023-05-13,2024-03-03,false
0x6b8cb095c5601c8721a5ef521eb7983be47791ca,78,1.21,1422.33,12 | 13 | 8,13 | 8 | 5,2023-05-13,2024-03-03,false
0x6c1143119a2aa635c9b44114ac984e770ddc6bcf,125,0.99,2523.86,13 | 18 | 9,15 | 9 | 5,2023-05-13,2024-03-02,false
0x6c1e8f45a340eafa6757f8ed9963f3074558d503,89,1.05,1440.07,12 | 14 | 9,19 | 11 | 5,2023-05-13,2024-03-03,false
0x70aaeaf601953de04a45236fe6765a5d9a0d0129,127,1.35,1650.17,13 | 16 | 9,23 | 10 | 5,2023-05-13,2024-03-03,false
0x713c3b47a9967b9d0986dd091dfa3a6e3464ecc2,111,1.18,2424.57,10 | 16 | 9,20 | 11 | 5,2023-05-13,2024-03-03,false
0x719cd481275aeee86e09d8a928307a612ef82e3f,95,1.16,2268.72,13 | 15 | 9,19 | 11 | 5,2023-05-13,2024-03-03,false
0x71c6329f83b5315ff1b816b611d6d3c318502618,78,0.92,4217.94,11 | 14 | 8,17 | 9 | 4,2023-05-13,2024-03-03,false
0x72f025b70d081dee917dd071fb474cc2f763a57f,128,1.18,931.90,12 | 17 | 9,20 | 10 | 5,2023-05-13,2024-03-03,false
0x736ec7c0cd9f9120f089a6d0cdee7ae6abff6e00,83,1.18,1069.34,12 | 14 | 9,20 | 10 | 5,2023-05-13,2024-03-02,false
0x74a42df92f4224b17c12f8830808cfb02bd4f912,119,1.15,1341.96,12 | 18 | 9,20 | 11 | 5,2023-05-13,2024-03-03,false
0x7534d498a583e8bedc4e42a363c7686dda0b3bf9,100,0.94,743.79,12 | 15 | 8,15 | 9 | 5,2023-05-13,2024-03-03,false
0x75dedd8e748e4ac6069c226870cca1695e6c0ede,80,1.08,1462.36,12 | 16 | 9,13 | 9 | 5,2023-05-13,2024-03-03,false
0x760166f24f9fb74a84948b48281b6789e441409b,96,1.30,1378.96,13 | 15 | 9,15 | 9 | 5,2023-05-13,2024-03-03,false
0x76d2afdc301c8db863868507edef41d7b0fc38f0,95,1.10,1455.51,12 | 15 | 9,16 | 9 | 5,2023-05-13,2024-03-03,false
0x777ec2c8d7c4fab832fce45d880055ecba93d259,84,1.15,1039.22,12 | 18 | 8,17 | 8 | 5,2023-05-13,2024-03-03,false
0x795db33b35d25cee3728e326ade3a47e3c058206,64,1.13,983.41,12 | 14 | 7,12 | 8 | 5,2023-05-13,2024-03-03,false
0x7a1f1155ee60b75fbdf6d9f41221a8640e0b95c7,91,1.55,2777.52,13 | 15 | 8,14 | 8 | 5,2023-05-13,2024-03-03,false
0x7bae605c475a911e82c906338f5e8ef5064099a7,109,1.28,1537.27,12 | 16 | 9,22 | 11 | 5,2023-05-13,2024-03-03,false
0x7c0dd521bd18636c53f7baeb89200dd36943e439,75,1.26,1740.69,11 | 14 | 8,17 | 10 | 5,2023-05-13,2024-03-03,false
0x7c6637fb93de64ce5cd959af212cad754d023a43,84,1.07,2350.32,12 | 14 | 8,11 | 7 | 5,2023-05-13,2024-03-03,false
0x7d38c4582a27c785f6fe574a70dc3dab96833c57,90,1.15,1440.54,13 | 14 | 8,13 | 7 | 5,2023-05-13,2024-03-03,false
0x7d6a13b8faebd96894736f5db6e383bd198612d1,87,1.35,1618.74,13 | 14 | 8,19 | 10 | 5,2023-05-13,2024-03-03,false
0x7e57de216aec6874baf5ed0e2044addb2ff34646,122,1.06,1699.77,12 | 14 | 9,14 | 8 | 5,2023-05-13,2024-03-03,false
0x7f1e88d2fa73be9e3fce9b96a7de0ccc3f0d3caa,150,1.29,2188.84,12 | 17 | 9,18 | 9 | 5,2023-05-13,2024-03-03,false
0x7ff292895a5c2b9824a720453e18a57d12a4686f,182,1.41,3940.70,13 | 17 | 9,27 | 11 | 5,2023-05-13,2024-03-03,false
0x820036524c3addf39e2efb73ebc48eda8fabd731,114,1.52,2188.45,12 | 16 | 9,24 | 11 | 5,2023-05-13,2024-03-03,false
0x8266384cb479f7a7847acb751f5f0f95546ac0e7,187,1.27,3946.33,13 | 17 | 9,22 | 11 | 5,2023-05-13,2024-03-02,false
0x83377ee0a3b5b3dbabe883ebef410b7321cd1925,86,1.01,1876.73,11 | 15 | 8,20 | 11 | 5,2023-05-13,2024-03-03,false
0x8339f2c5c06ef1e1d29da4a0308c971a80fa48ec,133,1.24,2378.14,12 | 17 | 9,19 | 10 | 5,2023-05-13,2024-03-03,false
0x83d362de5580e712584ff9db3fc933584a11680a,88,1.18,1034.36,11 | 17 | 8,17 | 11 | 5,2023-05-13,2024-03-03,false
0x843d53b10619ee4c04210897637704be3c5a9c06,139,1.19,3231.57,13 | 18 | 9,27 | 11 | 5,2023-05-13,2024-03-03,false
0x8490a9e53cb1454434071efe30938bfbba489e66,144,1.08,2685.43,12 | 13 | 8,15 | 7 | 5,2023-05-13,2024-03-02,false
0x867136c74d22f799f71e317490695ce5623388a4,162,1.45,3174.32,13 | 17 | 9,24 | 12 | 5,2023-05-13,2024-03-03,false
0x86df9bf931b0f05a4d98391cf83c4250a7c102b4,146,1.28,3221.55,12 | 17 | 9,24 | 11 | 5,2023-05-13,2024-03-03,false
0x872fffea68227d4a204f79cc65f1a1da48a4d27c,109,1.16,980.86,12 | 17 | 9,17 | 11 | 5,2023-05-13,2024-03-03,false
0x8a0ba6db90291e2d0813d89de29e57ea94012ba0,85,1.15,3537.21,13 | 14 | 8,19 | 8 | 5,2023-05-13,2024-03-03,false
0x8cf77068a6d4a719f98e74061320d16193f798ed,94,1.09,1285.15,11 | 16 | 9,19 | 10 | 5,2023-05-13,2024-03-03,false
0x8d4a19927f02dcb245c4f97861e3794fe7b250fe,110,1.52,875.80,13 | 18 | 9,18 | 10 | 5,2023-05-13,2024-03-03,false
0x8d93bd580f31238422000087c5c71bf110dff1d8,74,1.12,2251.21,12 | 14 | 8,17 | 8 | 5,2023-05-13,2024-03-03,false
0x8e29e7a1224c62a82a1eb6428aab4b5143d7e484,102,1.24,1049.27,13 | 16 | 9,18 | 10 | 5,2023-05-13,2024-03-03,false
0x8e418e9d8295ec7aa9fe271b777672b89319f966,87,1.18,3981.05,13 | 13 | 8,13 | 8 | 5,2023-05-13,2024-03-03,false
0x9106cde2a6d640fd64c037d06fd6e9b76c0bcafa,148,1.21,4645.32,11 | 17 | 9,21 | 10 | 5,2023-05-13,2024-03-03,false
0x91ce624ca8270d1b9608d5973180f9e7ce39412f,82,0.83,1331.84,11 | 15 | 7,17 | 8 | 5,2023-05-13,2024-03-03,false
0x93984f9033a3042f67acddc784b320e1f6d4bfb3,99,1.16,977.30,12 | 15 | 9,19 | 8 | 5,2023-05-13,2024-03-03,false
0x946aa68c8cd72d3d89ada2750ce4f8cc74a4a784,87,1.09,1037.72,13 | 18 | 9,19 | 10 | 5,2023-05-13,2024-03-02,false
0x94da1548ae89edd1915c12a60529f15ac8b34543,111,1.29,922.65,12 | 17 | 9,22 | 11 | 5,2023-05-13,2024-03-03,false
0x955ac9f34ceafe091238e8f03458fe5d670ffd1b,131,1.26,937.18,11 | 17 | 9,20 | 11 | 5,2023-05-13,2024-03-03,false
0x9623a90e664947676b92dba5c33409d214adb855,92,1.26,1265.41,12 | 15 | 8,21 | 10 | 5,2023-05-13,2024-03-03,false
0x981d9194ccbc1e7dd5e2e5ce7ef8f5895453a988,85,1.05,3453.71,12 | 14 | 8,14 | 10 | 5,2023-05-13,2024-03-03,false
0x98561338da0d25826aa976e5c7c2c5455d9f184a,83,1.11,2501.26,13 | 13 | 8,12 | 6 | 5,2023-05-13,2024-03-02,false
0x9909badfcc645b179fc3a0b99bd0e19289622d56,133,1.38,1921.72,12 | 18 | 9,20 | 9 | 5,2023-05-13,2024-03-02,false
0x9980a4f7f84c1295245ea62f7ddac29d8598e704,105,1.23,1132.98,13 | 17 | 9,24 | 11 | 5,2023-05-13,2024-03-03,false
0x9a0758034d84b25b93e317f91a663cacfb130c30,90,1.07,2267.91,13 | 16 | 9,13 | 7 | 5,2023-05-13,2024-03-02,false
0x9a8b73e884fe6429f01ca96b7a6023ccc0f8e71e,97,1.19,2470.76,13 | 15 | 8,18 | 10 | 5,2023-05-13,2024-03-03,false
0x9ac4d9f689e5396dbeaa1246b6df69b99d13b634,59,0.98,1696.61,11 | 14 | 7,16 | 10 | 5,2023-05-13,2024-03-02,false
0x9b380eb80cc3a3c24315b6a99d4eeaee28c1b4e5,104,1.13,2392.12,13 | 17 | 9,17 | 10 | 5,2023-05-13,2024-03-03,false
0x9ba416211ae2419eed7bfab77091603e335189cf,136,1.23,1732.08,13 | 18 | 9,24 | 10 | 5,2023-05-13,2024-03-02,false
0x9cab75f20ae00a33c1b5b151fe7ae2464194a072,115,1.31,1020.14,12 | 17 | 9,22 | 10 | 5,2023-05-13,2024-03-03,false
0x9d1f2194dbb27241e45200e0bf48547baacfc426,163,1.20,3275.78,13 | 17 | 9,22 | 10 | 5,2023-05-13,2024-03-03,false
0x9dd430bd575fd47c9b5174799a9925b8bafe4bbc,84,1.63,1119.59,12 | 14 | 8,15 | 8 | 5,2023-05-13,2024-03-03,false
0x9e4751e0435a3925829daffca2379843ec5f866a,95,1.13,1256.69,13 | 16 | 9,16 | 9 | 5,2023-05-13,2024-03-02,false
0x9f69a8425b0e750f10405aaa57621f89e570bab7,73,1.03,308.01,11 | 14 | 8,12 | 8 | 5,2023-05-13,2024-03-03,false
0x9f919d7c4f7c59524f45f50355718c773d8f8cd0,133,1.39,1560.50,13 | 17 | 9,18 | 8 | 5,2023-05-13,2024-03-02,false
0x9fe590076a672bb0a5d977aeaaa2da9928294d1b,100,1.23,950.13,12 | 15 | 8,20 | 10 | 5,2023-05-13,2024-03-03,false
0xa0584b992dcf74df7ab5985bc5c06e6a6c8de96c,131,1.18,1541.14,12 | 17 | 9,20 | 10 | 5,2023-05-13,2024-03-03,false
0xa0acf2b39b9b7de9c5f18f07471b22895827d63f,86,1.23,2422.04,12 | 15 | 9,16 | 9 | 5,2023-05-13,2024-03-03,false
0xa160ac173b2cc27f919393e2973690aa04b0270f,135,1.30,2190.32,13 | 18 | 9,19 | 10 | 5,2023-05-13,2024-03-03,false
0xa17d4f310cb594c2510d34d74079af592aa569de,98,1.30,1428.59,13 | 15 | 10,19 | 10 | 6,2023-05-13,2024-03-03,false
0xa2e2fc0abcc60389602c2081d309e9878133cb5e,73,1.30,888.57,12 | 15 | 8,21 | 11 | 5,2023-05-13,2024-03-03,false
0xa48db905338f8555f0eb498e60733a086f148251,113,1.54,1461.77,13 | 17 | 9,18 | 10 | 5,2023-05-13,2024-03-02,false
0xa49832714a456e77f65851ee2433b545eab1f79f,88,1.12,4332.73,12 | 14 | 8,13 | 9 | 5,2023-05-13,2024-03-03,false
0xa4a3d348d0474894d5f91d2d2a7e06140dfa5131,89,1.10,3416.43,13 | 15 | 9,13 | 8 | 5,2023-05-13,2024-03-02,false
0xa67b785fee9383cb41b46ea3ba72a383f62dc288,97,1.22,976.43,13 | 17 | 9,15 | 10 | 5,2023-05-13,2024-03-02,false
0xaa03f250fb74bca2c23ea4b43a28b2135b3bc0d0,140,1.00,1459.04,12 | 17 | 9,21 | 10 | 5,2023-05-13,2024-03-02,false
0xaac8d44bc8a7640aa2f9e78d448cdabc2ad3eb14,95,1.22,1653.81,13 | 17 | 9,19 | 10 | 5,2023-05-13,2024-03-03,false
0xabf9cd9a6c4748797d9f821c1609b1c82452ad96,133,1.35,1764.54,13 | 18 | 9,19 | 9 | 5,2023-05-13,2024-03-03,false
0xace0fbc38fdb61ab493541e8f230da02ffb9cfcf,80,0.95,3070.24,12 | 14 | 8,11 | 5 | 4,2023-05-13,2024-03-03,false
0xad473ec74378d85abbef14fb3871d0130edce7dd,83,1.10,1049.20,10 | 17 | 8,18 | 10 | 5,2023-05-13,2024-03-02,false
0xae7993b9e1535644dfc89ff4a84fee1eb6c8a3fa,80,1.12,1269.38,12 | 16 | 8,18 | 11 | 5,2023-05-13,2024-03-03,false
0xaf53f3e83454f32e2b342b7174cebbb2b69cdf2e,142,1.34,2622.16,13 | 17 | 9,20 | 9 | 5,2023-05-13,2024-03-03,false
0xb045f52f105fa6c2e19c1ce4f931398c6172b188,99,1.14,4357.90,12 | 15 | 9,16 | 9 | 5,2023-05-13,2024-03-02,false
0xb2f70704693a8a72462ec6b0f75b39552251c798,93,1.27,4217.49,13 | 13 | 8,13 | 8 | 5,2023-05-13,2024-03-03,false
0xb58c894ffafc4f057ce22af02c1fc128d7b4667e,95,1.67,1736.39,12 | 14 | 8,18 | 9 | 5,2023-05-13,2024-03-03,false
0xb5cb367b685366fbe4598fd2e47f0a999a791b80,74,0.82,1697.97,12 | 14 | 8,11 | 7 | 5,2023-05-13,2024-03-02,false
0xb5f6770618ab94bb272209114b3876e5e744c658,91,1.04,925.92,13 | 15 | 9,12 | 7 | 5,2023-05-13,2024-03-02,false
0xb6e89d126c27b1d94d4a3771d5323e6df41c0eeb,61,0.72,926.81,10 | 14 | 8,10 | 8 | 5,2023-05-13,2024-03-02,false
0xb7b42d19701c81ff78752b60e38e0470674d2930,90,1.02,4168.12,12 | 15 | 8,17 | 9 | 5,2023-05-13,2024-03-03,false
0xb8295a5abb37489c26e33eb59e1aac337c095cfd,65,0.91,3471.32,11 | 14 | 7,17 | 10 | 5,2023-05-13,2024-03-03,false
0xbd0ce7b82b88248a2fefdaf15cb62373dd84ddc9,86,1.24,1012.13,12 | 15 | 8,21 | 10 | 5,2023-05-13,2024-03-03,false
0xbda1e8423ba6267ab2efa336d7266425440fdfc2,133,1.28,2781.45,13 | 16 | 9,18 | 9 | 5,2023-05-13,2024-03-03,false
0xbdce15c7730ce46a2dad52548f8d41a4fff0fc72,99,1.22,1449.59,12 | 16 | 9,21 | 11 | 5,2023-05-13,2024-03-03,false
0xbeef2ad332adacd833cde498b35814351801ecf9,85,1.05,4161.44,11 | 15 | 9,12 | 9 | 5,2023-05-13,2024-03-03,false
0xbf27e48926468cc6d58cefc55660e712971b60a1,82,1.07,1369.97,11 | 14 | 7,19 | 11 | 5,2023-05-13,2024-03-03,false
0xbf999e3162e82e4062207d416441144db68d8633,89,1.18,1371.64,12 | 13 | 9,16 | 9 | 5,2023-05-13,2024-03-03,false
0xbff048694b59da7e1ebc816546af0462a5cecdff,69,1.37,1641.05,11 | 16 | 8,18 | 10 | 5,2023-05-13,2024-03-03,false
0xbff3ec5a3b25cc1553e88a2ea54a57e5dea9d54f,91,1.08,2582.67,13 | 16 | 9,21 | 9 | 5,2023-05-13,2024-03-03,false
0xc07028c179483a1f50a25a3271b6b19b5e34c21c,103,1.13,1211.21,12 | 14 | 9,20 | 10 | 5,2023-05-13,2024-03-03,false
0xc0bac28ba226e599a2777335b0391c6ff33e09ab,65,0.84,1020.46,12 | 13 | 8,12 | 7 | 5,2023-05-13,2024-03-02,false
0xc3648bd515add6ffc01334ed39ad6d701772f60c,113,1.42,1537.77,13 | 17 | 9,20 | 10 | 5,2023-05-13,2024-03-03,false
0xc460494781fcf57dccbef18fb58605c5e170314d,89,1.07,4284.77,13 | 13 | 7,14 | 9 | 5,2023-05-13,2024-03-02,false
0xc4ad33092333ae1d3f33cc229f47ab7e08537693,139,1.32,3049.05,13 | 14 | 8,21 | 9 | 5,2023-05-13,2024-03-03,false
0xc54251d2e3e083aafb75abfe276baa535ffb1085,94,1.11,4277.09,13 | 14 | 8,14 | 8 | 5,2023-05-13,2024-03-02,false
0xc68860c9b1d5ca81e1af330429fbd48ae0675f46,86,1.28,1381.37,13 | 13 | 8,18 | 9 | 5,2023-05-13,2024-03-03,false
0xc8999dc7dc020e3e9ba3d85b7830842d49b61491,87,0.87,1331.51,11 | 16 | 8,17 | 10 | 5,2023-05-13,2024-03-03,false
0xc9c9f606961274ed68af7abc30ecb38fc67aabf8,96,1.24,1436.74,13 | 14 | 8,17 | 10 | 5,2023-05-13,2024-03-03,false
0xcb63e098888a1296ec169f860775179f613a88e2,84,1.27,4390.35,12 | 14 | 8,17 | 10 | 5,2023-05-13,2024-03-02,false
0xcc271919871f7e645b33b69f708ad97d01e11cf0,101,1.16,2576.64,12 | 17 | 9,15 | 8 | 5,2023-05-13,2024-03-03,false
0xce027e3e0924ad275299fff9d4470eb62820a7eb,98,1.23,2480.89,12 | 17 | 9,21 | 10 | 5,2023-05-13,2024-03-03,false
0xcf071191f0cf062987166f6834a4e1d9fad85681,108,1.26,1541.38,13 | 17 | 9,20 | 9 | 5,2023-05-13,2024-03-03,false
0xcf89493b781c64e611066f987cbb2a6abcf8394c,110,1.35,2071.96,12 | 16 | 9,20 | 10 | 5,2023-05-13,2024-03-03,false
0xd0508590e5da9b2be6bc30a0e36bf57078e25e37,137,1.47,888.10,12 | 16 | 9,24 | 11 | 5,2023-05-13,2024-03-03,false
0xd05e6e4993f2deced5fcd3d8435b527ca8780db1,140,1.08,2185.86,13 | 14 | 8,18 | 10 | 5,2023-05-13,2024-03-02,false
0xd10cfeffa43f600a039b6cb596bc46f5e6fb4204,80,0.85,3208.02,11 | 14 | 8,17 | 9 | 5,2023-05-13,2024-03-03,false
0xd1f5c228fc1479537e9e9073e028a49f87c5645c,125,1.30,1726.32,13 | 14 | 8,20 | 10 | 5,2023-05-13,2024-03-03,false
0xd2089d84d352b853cb579b21090996107434cd39,121,1.24,1555.19,12 | 16 | 9,22 | 11 | 5,2023-05-13,2024-03-03,false
0xd21328c1a0701a2ee2c5671f584857325e689030,107,1.17,312.53,11 | 15 | 9,18 | 8 | 5,2023-05-13,2024-03-03,false
0xd25e064509a4b041c534d35780913461e9153478,122,1.18,2378.53,13 | 17 | 9,16 | 9 | 5,2023-05-13,2024-03-03,false
0xd47b66219e9b2c9671b1958f7f4b6a1324b94c9d,111,1.45,1504.22,13 | 15 | 9,24 | 9 | 5,2023-05-13,2024-03-03,false
0xd5086613354680e84380b9cf88ad9c0744c450f2,99,1.20,2367.72,11 | 17 | 8,19 | 10 | 5,2023-05-13,2024-03-03,false
0xd5778146368150c42dced66a45ff59fbd767d452,167,1.38,1021.26,13 | 17 | 9,22 | 12 | 5,2023-05-13,2024-03-02,false
0xd5cae8527954ec10f45ab33fd2377d8b0a766998,71,0.82,2163.77,12 | 14 | 8,16 | 8 | 5,2023-05-13,2024-03-03,false
0xd5dd82d72eb1b2c31b740cb400ba72c4bf5891e9,83,1.00,2189.53,12 | 13 | 8,19 | 9 | 5,2023-05-13,2024-03-03,false
0xd5edf2a5b11ecc6c7b4554736de4fcd78ddd3451,98,1.16,3264.75,13 | 13 | 8,16 | 8 | 5,2023-05-13,2024-03-03,false
0xd6d7822c8287397725bfcc27876ee737b86976b0,79,1.17,1123.55,12 | 15 | 8,19 | 9 | 5,2023-05-13,2024-03-03,false
0xd8794713848433c7dd3ddf1b3da6aba2a71fc200,79,1.17,1003.36,11 | 17 | 8,18 | 11 | 5,2023-05-13,2024-03-03,false
0xd8831dfb4855b9bd566b6b2133474040e9443178,133,1.26,3316.96,12 | 16 | 9,19 | 11 | 5,2023-05-13,2024-03-03,false
0xd9f1470d5dc81829e194fdee5abbb2561d41b35a,86,1.24,1329.62,13 | 13 | 8,14 | 10 | 5,2023-05-13,2024-03-03,false
0xdccbd0e63ce45178f1b8d456dcc0419304c5e981,88,1.07,2516.81,13 | 13 | 8,17 | 9 | 5,2023-05-13,2024-03-03,false
0xdde41272c07224c50676faae1d0e550f6e9bf91f,148,1.49,4277.72,13 | 17 | 9,25 | 12 | 5,2023-05-13,2024-03-03,false
0xde6c755fb3a62ad19ec15f38d76490a5cd473385,105,1.03,2574.19,12 | 16 | 8,20 | 11 | 5,2023-05-13,2024-03-03,false
0xdfb8d74b547ba20999a7c113338cb4d3abe3e49c,107,1.30,1621.18,13 | 17 | 9,21 | 10 | 5,2023-05-13,2024-03-03,false
0xe0f4d5cbec81b7fab28afcc9317557bbdd8196ed,134,1.30,886.19,13 | 17 | 9,24 | 12 | 5,2023-05-13,2024-03-03,false
0xe12159b1130d77af1341d4714032aa4bcbeabc85,90,1.26,1075.00,13 | 15 | 9,17 | 10 | 5,2023-05-13,2024-03-03,false
0xe3e6086bf9d2254662ea6a175e85be9331fe22a7,81,1.18,3203.02,11 | 14 | 8,18 | 9 | 5,2023-05-13,2024-03-03,false
0xe4569ff4bf0bb82a5cfa64ab90acd79aab02433e,96,1.15,3382.66,12 | 14 | 9,17 | 9 | 5,2023-05-13,2024-03-03,false
0xe5045e11aa0f864098777f7ec3fd557c2da3ff91,69,0.98,899.02,11 | 13 | 7,14 | 8 | 5,2023-05-13,2024-03-02,false
0xe52f32f2464b688fb4dd34c407edbf95df6f9698,87,1.27,1123.36,12 | 17 | 8,22 | 10 | 5,2023-05-13,2024-03-03,false
0xe5f71d7b7b6e99c6f96ba6fd6a3fffa3cb1aa5ba,81,1.22,1442.82,12 | 14 | 9,17 | 10 | 5,2023-05-13,2024-03-03,false
0xe66a3a4b9c5ee896168c079b3b2da9d1594908d6,94,1.23,928.62,13 | 14 | 8,20 | 10 | 5,2023-05-13,2024-03-03,false
0xe805e43d69da36e9d65a754c066f3572ab662e20,125,1.46,1381.93,12 | 18 | 9,22 | 10 | 5,2023-05-13,2024-03-03,false
0xe8b6248da92a3f4e999d113a05f7bc75fa36ace4,142,1.22,1636.95,12 | 17 | 9,22 | 10 | 5,2023-05-13,2024-03-03,false
0xe8b973c831aa2d4576aed1de9f667494e9355757,94,0.96,937.51,12 | 16 | 8,16 | 10 | 5,2023-05-13,2024-03-03,false
0xe9b788bebc2f1cf68fd247a0998146ab216bfa1d,78,1.21,1014.36,12 | 16 | 8,20 | 9 | 5,2023-05-13,2024-03-03,false
0xea66b13743293d5fd10807b51d83197abbe3fd5e,138,1.16,873.94,13 | 17 | 9,20 | 10 | 5,2023-05-13,2024-03-02,false
0xeab2a8597a17f9f235813f035eacc8cae4d9eb8a,103,1.38,933.59,13 | 15 | 9,23 | 10 | 5,2023-05-13,2024-03-03,false
0xeb268aca0fc5457bbf3b6ba7a8d9d6ba6928dbac,143,1.34,3211.35,13 | 16 | 9,23 | 10 | 5,2023-05-13,2024-03-03,false
0xeb82eeb667332a732803ebfd0a803fd79e894ef1,83,1.14,2291.72,13 | 13 | 8,11 | 6 | 4,2023-05-13,2024-03-03,false
0xed25c99a04a5e1e398003709476481f5b9d60e1c,70,1.20,687.44,11 | 15 | 8,19 | 10 | 5,2023-05-13,2024-03-02,false
0xed508b655797206caec48e3bcc656eb7b05f2735,84,1.20,1541.27,12 | 17 | 9,14 | 7 | 5,2023-05-13,2024-03-03,false
0xed6dbf44767a568d3b5af147ef1255cf6c4cb82d,163,1.38,3392.10,13 | 17 | 9,20 | 11 | 5,2023-05-13,2024-03-03,false
0xeea801cda659e28b8191af7e1e4f80d04c05733c,78,1.12,1002.06,12 | 14 | 8,17 | 10 | 5,2023-05-13,2024-03-03,false
0xef1b17d5e3ffbc2b951229ece6cdf8012dcb3def,87,1.36,1481.64,12 | 15 | 8,25 | 12 | 5,2023-05-13,2024-03-03,false
0xef8730b0948f6f6ba90cb9b4e62460195dc555a5,82,1.22,1266.60,12 | 17 | 8,18 | 9 | 5,2023-05-13,2024-03-03,false
0xf06a9ff016e25e96c2aaab4b71e2be9880813f11,99,1.42,1251.71,13 | 14 | 8,20 | 9 | 5,2023-05-13,2024-03-03,false
0xf072c8fe6bd40b56506434571c1560279cecd021,135,1.27,1014.34,13 | 17 | 9,19 | 8 | 5,2023-05-13,2024-03-03,false
0xf20d5c72943b311f695f59a3cfba8c47de7f39b3,147,1.25,3061.31,13 | 17 | 9,18 | 9 | 5,2023-05-13,2024-03-03,false
0xf228d906d3e719396d5d394f98dce43478439070,88,0.92,1332.31,12 | 15 | 9,17 | 10 | 5,2023-05-13,2024-03-03,false
0xf304d10c67bc8ce8e3df555cb3625c9b09ee90cb,95,1.21,1023.17,12 | 16 | 9,17 | 11 | 5,2023-05-13,2024-03-03,false
0xf5c47734542ff4a594cbe6a2d8d3bca35cc6bbe0,120,1.36,4525.08,13 | 16 | 9,23 | 10 | 5,2023-05-13,2024-03-03,false
0xf618d159c470893b410a980209a04d33d4f2f726,67,1.26,419.11,12 | 14 | 7,16 | 9 | 5,2023-05-13,2024-03-02,false
0xf80c3b9e340d40af55ba8594d2745e89d8047c45,79,10.96,1626.15,12 | 18 | 9,21 | 10 | 6,2023-05-13,2024-03-03,false
0xf858d9c9563111b5c247c227f8ab76911307f362,109,1.19,2366.13,12 | 17 | 9,20 | 10 | 5,2023-05-13,2024-03-03,false
0xf898a890c2573dca884d7d9c67a22097f8fa56a7,84,1.17,1266.46,13 | 14 | 9,17 | 9 | 5,2023-05-13,2024-03-02,false
0xf9d01306f411d1a12942d0cb4395ea196930cb44,92,1.12,1328.75,13 | 16 | 9,14 | 8 | 5,2023-05-13,2024-03-03,false
0xfa917e69413053099bc840cce26729ea4bb5c1fb,143,1.43,2148.68,12 | 17 | 9,19 | 10 | 5,2023-05-13,2024-03-03,false
0xfa9e50cfdfb31c3908b495f51ca4bc97d65b9b44,122,1.24,1659.14,13 | 17 | 9,16 | 10 | 5,2023-05-13,2024-03-02,false
0xfab8ee19135d52f4790ba974dea4542399a35201,86,1.23,1503.04,13 | 14 | 8,19 | 8 | 5,2023-05-13,2024-03-03,false
0xfbb9887b30dd676451461466f13af1ada5048881,149,1.63,2285.69,13 | 18 | 9,22 | 10 | 5,2023-05-13,2024-03-03,false
0xfd087557a08387320bfa0882f501c69ca06f0c88,140,1.22,2367.06,11 | 15 | 9,20 | 11 | 5,2023-05-13,2024-03-03,false
0xff30a07f6945b4f12d79747b4fe781e9644b62cb,83,1.13,1468.92,13 | 14 | 8,11 | 6 | 5,2023-05-13,2024-03-03,false
0xff5796fdc6c2b8abd7268a7affcdf569d3658c78,160,1.21,2370.18,13 | 17 | 9,14 | 7 | 5,2023-05-13,2024-03-02,false
0xff9ec31bb527ec02a03331794f8fd65f2b87aa35,82,1.09,3264.06,11 | 14 | 8,16 | 8 | 5,2023-05-13,2024-03-03,false
0xffa50bba35beffbc84d74c7c2a102ba6bc246ffa,66,0.98,973.84,13 | 13 | 8,10 | 7 | 5,2023-05-13,2024-03-02,false
0xffa5b5bc74115fda12315cf6e5e21ef58d94e88b,93,1.11,3281.44,13 | 14 | 8,17 | 10 | 5,2023-05-13,2024-03-02,false
